label,scenario,day,hour,zone_id,zone_type,occupancy,natural_light,outdoor_temp_c,price_per_kwh,is_peak,ac_setpoint_c,temperature_after_c,ac_kwh,lighting_level,lighting_kwh,total_kwh,ac_winner,lighting_winner
simulation-estimated,baseline,0,0,classroom_1,normal,0,0,27.85,0.18,0,26.0,26.0,0.642,0.0,0.0,0.642,,
simulation-estimated,baseline,0,0,classroom_2,normal,0,0,27.85,0.18,0,26.0,26.0,0.642,0.0,0.0,0.642,,
simulation-estimated,baseline,0,0,office_1,normal,0,0,27.85,0.18,0,26.0,26.0,0.1776,0.0,0.0,0.1776,,
simulation-estimated,baseline,0,0,corridor_1,normal,0,0,27.85,0.18,0,26.0,26.0,0.3447,0.0,0.0,0.3447,,
simulation-estimated,baseline,0,0,or_1,critical,0,0,27.85,0.18,0,20.0,20.0,1.2553,1.0,0.3,1.5553,,
simulation-estimated,baseline,0,1,classroom_1,normal,0,0,26.68,0.18,0,26.0,26.0,0.1137,0.0,0.0,0.1137,,
simulation-estimated,baseline,0,1,classroom_2,normal,0,0,26.68,0.18,0,26.0,26.0,0.1137,0.0,0.0,0.1137,,
simulation-estimated,baseline,0,1,office_1,normal,0,0,26.68,0.18,0,26.0,26.0,0.091,0.0,0.0,0.091,,
simulation-estimated,baseline,0,1,corridor_1,normal,0,0,26.68,0.18,0,26.0,26.0,0.1083,0.0,0.0,0.1083,,
simulation-estimated,baseline,0,1,or_1,critical,1,0,26.68,0.18,0,20.0,20.0,1.4683,1.0,0.3,1.7683,,
simulation-estimated,baseline,0,2,classroom_1,normal,0,0,25.95,0.18,0,26.0,26.0,0.008,0.0,0.0,0.008,,
simulation-estimated,baseline,0,2,classroom_2,normal,0,0,25.95,0.18,0,26.0,26.0,0.008,0.0,0.0,0.008,,
simulation-estimated,baseline,0,2,office_1,normal,0,0,25.95,0.18,0,26.0,26.0,0.0064,0.0,0.0,0.0064,,
simulation-estimated,baseline,0,2,corridor_1,normal,0,0,25.95,0.18,0,26.0,26.0,0.0076,0.0,0.0,0.0076,,
simulation-estimated,baseline,0,2,or_1,critical,0,0,25.95,0.18,0,20.0,20.0,0.9524,1.0,0.3,1.2524,,
simulation-estimated,baseline,0,3,classroom_1,normal,0,0,25.09,0.18,0,26.0,26.0,0.1525,0.0,0.0,0.1525,,
simulation-estimated,baseline,0,3,classroom_2,normal,0,0,25.09,0.18,0,26.0,26.0,0.1525,0.0,0.0,0.1525,,
simulation-estimated,baseline,0,3,office_1,normal,0,0,25.09,0.18,0,26.0,26.0,0.122,0.0,0.0,0.122,,
simulation-estimated,baseline,0,3,corridor_1,normal,0,0,25.09,0.18,0,26.0,26.0,0.1452,0.0,0.0,0.1452,,
simulation-estimated,baseline,0,3,or_1,critical,0,0,25.09,0.18,0,20.0,20.0,0.8148,1.0,0.3,1.1148,,
simulation-estimated,baseline,0,4,classroom_1,normal,0,0,25.74,0.18,0,26.0,26.0,0.0442,0.0,0.0,0.0442,,
simulation-estimated,baseline,0,4,classroom_2,normal,0,0,25.74,0.18,0,26.0,26.0,0.0442,0.0,0.0,0.0442,,
simulation-estimated,baseline,0,4,office_1,normal,0,0,25.74,0.18,0,26.0,26.0,0.0354,0.0,0.0,0.0354,,
simulation-estimated,baseline,0,4,corridor_1,normal,0,0,25.74,0.18,0,26.0,26.0,0.0421,0.0,0.0,0.0421,,
simulation-estimated,baseline,0,4,or_1,critical,0,0,25.74,0.18,0,20.0,20.0,0.9179,1.0,0.3,1.2179,,
simulation-estimated,baseline,0,5,classroom_1,normal,0,0,26.85,0.18,0,26.0,26.0,0.1422,0.0,0.0,0.1422,,
simulation-estimated,baseline,0,5,classroom_2,normal,0,0,26.85,0.18,0,26.0,26.0,0.1422,0.0,0.0,0.1422,,
simulation-estimated,baseline,0,5,office_1,normal,0,0,26.85,0.18,0,26.0,26.0,0.1138,0.0,0.0,0.1138,,
simulation-estimated,baseline,0,5,corridor_1,normal,0,0,26.85,0.18,0,26.0,26.0,0.1354,0.0,0.0,0.1354,,
simulation-estimated,baseline,0,5,or_1,critical,0,0,26.85,0.18,0,20.0,20.0,1.0954,1.0,0.3,1.3954,,
simulation-estimated,baseline,0,6,classroom_1,normal,0,1,27.57,0.18,0,26.0,26.0,0.264,0.0,0.0,0.264,,
simulation-estimated,baseline,0,6,classroom_2,normal,0,1,27.57,0.18,0,26.0,26.0,0.264,0.0,0.0,0.264,,
simulation-estimated,baseline,0,6,office_1,normal,0,1,27.57,0.18,0,26.0,26.0,0.2112,0.0,0.0,0.2112,,
simulation-estimated,baseline,0,6,corridor_1,normal,0,0,27.57,0.18,0,26.0,26.0,0.2515,0.0,0.0,0.2515,,
simulation-estimated,baseline,0,6,or_1,critical,0,0,27.57,0.18,0,20.0,20.0,1.2115,1.0,0.3,1.5115,,
simulation-estimated,baseline,0,7,classroom_1,normal,1,1,29.56,0.18,0,22.0,22.0,5.4988,1.0,0.84,6.3388,,
simulation-estimated,baseline,0,7,classroom_2,normal,1,1,29.56,0.18,0,22.0,22.0,5.4988,1.0,0.84,6.3388,,
simulation-estimated,baseline,0,7,office_1,normal,0,1,29.56,0.18,0,22.0,22.0,2.7191,1.0,0.42,3.1391,,
simulation-estimated,baseline,0,7,corridor_1,normal,0,0,29.56,0.18,0,22.0,22.0,3.7703,1.0,0.6,4.3703,,
simulation-estimated,baseline,0,7,or_1,critical,0,0,29.56,0.18,0,20.0,20.0,1.5303,1.0,0.3,1.8303,,
simulation-estimated,baseline,0,8,classroom_1,normal,1,1,31.46,0.18,0,22.0,22.0,2.0085,1.0,0.84,2.8485,,
simulation-estimated,baseline,0,8,classroom_2,normal,1,1,31.46,0.18,0,22.0,22.0,2.0085,1.0,0.84,2.8485,,
simulation-estimated,baseline,0,8,office_1,normal,1,1,31.46,0.18,0,22.0,22.0,1.6068,1.0,0.42,2.0268,,
simulation-estimated,baseline,0,8,corridor_1,normal,0,0,31.46,0.18,0,22.0,22.0,1.5128,1.0,0.6,2.1128,,
simulation-estimated,baseline,0,8,or_1,critical,0,0,31.46,0.18,0,20.0,20.0,1.8328,1.0,0.3,2.1328,,
simulation-estimated,baseline,0,9,classroom_1,normal,1,1,33.96,0.18,0,22.0,22.0,2.4299,1.0,0.84,3.2699,,
simulation-estimated,baseline,0,9,classroom_2,normal,1,1,33.96,0.18,0,22.0,22.0,2.4299,1.0,0.84,3.2699,,
simulation-estimated,baseline,0,9,office_1,normal,1,1,33.96,0.18,0,22.0,22.0,1.9439,1.0,0.42,2.3639,,
simulation-estimated,baseline,0,9,corridor_1,normal,0,0,33.96,0.18,0,22.0,22.0,1.9142,1.0,0.6,2.5142,,
simulation-estimated,baseline,0,9,or_1,critical,1,0,33.96,0.18,0,20.0,20.0,2.6342,1.0,0.3,2.9342,,
simulation-estimated,baseline,0,10,classroom_1,normal,1,1,35.97,0.18,0,22.0,22.0,2.7671,1.0,0.84,3.6071,,
simulation-estimated,baseline,0,10,classroom_2,normal,1,1,35.97,0.18,0,22.0,22.0,2.7671,1.0,0.84,3.6071,,
simulation-estimated,baseline,0,10,office_1,normal,0,1,35.97,0.18,0,22.0,22.0,1.8776,1.0,0.42,2.2976,,
simulation-estimated,baseline,0,10,corridor_1,normal,0,0,35.97,0.18,0,22.0,22.0,2.2353,1.0,0.6,2.8353,,
simulation-estimated,baseline,0,10,or_1,critical,1,0,35.97,0.18,0,20.0,20.0,2.9553,1.0,0.3,3.2553,,
simulation-estimated,baseline,0,11,classroom_1,normal,1,1,38.29,0.18,0,22.0,22.0,3.1572,1.0,0.84,3.9972,,
simulation-estimated,baseline,0,11,classroom_2,normal,1,1,38.29,0.18,0,22.0,22.0,3.1572,1.0,0.84,3.9972,,
simulation-estimated,baseline,0,11,office_1,normal,1,1,38.29,0.18,0,22.0,22.0,2.5257,1.0,0.42,2.9457,,
simulation-estimated,baseline,0,11,corridor_1,normal,0,0,38.29,0.18,0,22.0,22.0,2.6068,1.0,0.6,3.2068,,
simulation-estimated,baseline,0,11,or_1,critical,1,0,38.29,0.18,0,20.0,20.0,3.3268,1.0,0.3,3.6268,,
simulation-estimated,baseline,0,12,classroom_1,normal,1,1,39.98,0.32,1,22.0,22.0,3.4403,1.0,0.84,4.2803,,
simulation-estimated,baseline,0,12,classroom_2,normal,0,1,39.98,0.32,1,22.0,22.0,3.0203,1.0,0.84,3.8603,,
simulation-estimated,baseline,0,12,office_1,normal,0,1,39.98,0.32,1,22.0,22.0,2.4162,1.0,0.42,2.8362,,
simulation-estimated,baseline,0,12,corridor_1,normal,1,0,39.98,0.32,1,22.0,22.0,3.2764,1.0,0.6,3.8764,,
simulation-estimated,baseline,0,12,or_1,critical,1,0,39.98,0.32,1,20.0,20.0,3.5964,1.0,0.3,3.8964,,
simulation-estimated,baseline,0,13,classroom_1,normal,1,1,41.68,0.32,1,22.0,22.0,3.7258,1.0,0.84,4.5658,,
simulation-estimated,baseline,0,13,classroom_2,normal,1,1,41.68,0.32,1,22.0,22.0,3.7258,1.0,0.84,4.5658,,
simulation-estimated,baseline,0,13,office_1,normal,1,1,41.68,0.32,1,22.0,22.0,2.9807,1.0,0.42,3.4007,,
simulation-estimated,baseline,0,13,corridor_1,normal,1,0,41.68,0.32,1,22.0,22.0,3.5484,1.0,0.6,4.1484,,
simulation-estimated,baseline,0,13,or_1,critical,0,0,41.68,0.32,1,20.0,20.0,3.4684,1.0,0.3,3.7684,,
simulation-estimated,baseline,0,14,classroom_1,normal,1,1,42.36,0.32,1,22.0,22.0,3.8409,1.0,0.84,4.6809,,
simulation-estimated,baseline,0,14,classroom_2,normal,1,1,42.36,0.32,1,22.0,22.0,3.8409,1.0,0.84,4.6809,,
simulation-estimated,baseline,0,14,office_1,normal,1,1,42.36,0.32,1,22.0,22.0,3.0727,1.0,0.42,3.4927,,
simulation-estimated,baseline,0,14,corridor_1,normal,0,0,42.36,0.32,1,22.0,22.0,3.258,1.0,0.6,3.858,,
simulation-estimated,baseline,0,14,or_1,critical,1,0,42.36,0.32,1,20.0,20.0,3.978,1.0,0.3,4.278,,
simulation-estimated,baseline,0,15,classroom_1,normal,1,1,42.8,0.32,1,22.0,22.0,3.9136,1.0,0.84,4.7536,,
simulation-estimated,baseline,0,15,classroom_2,normal,1,1,42.8,0.32,1,22.0,22.0,3.9136,1.0,0.84,4.7536,,
simulation-estimated,baseline,0,15,office_1,normal,1,1,42.8,0.32,1,22.0,22.0,3.1309,1.0,0.42,3.5509,,
simulation-estimated,baseline,0,15,corridor_1,normal,0,0,42.8,0.32,1,22.0,22.0,3.3272,1.0,0.6,3.9272,,
simulation-estimated,baseline,0,15,or_1,critical,1,0,42.8,0.32,1,20.0,20.0,4.0472,1.0,0.3,4.3472,,
simulation-estimated,baseline,0,16,classroom_1,normal,0,1,41.94,0.32,1,22.0,22.0,3.3503,1.0,0.84,4.1903,,
simulation-estimated,baseline,0,16,classroom_2,normal,1,1,41.94,0.32,1,22.0,22.0,3.7703,1.0,0.84,4.6103,,
simulation-estimated,baseline,0,16,office_1,normal,1,1,41.94,0.32,1,22.0,22.0,3.0162,1.0,0.42,3.4362,,
simulation-estimated,baseline,0,16,corridor_1,normal,1,0,41.94,0.32,1,22.0,22.0,3.5907,1.0,0.6,4.1907,,
simulation-estimated,baseline,0,16,or_1,critical,0,0,41.94,0.32,1,20.0,20.0,3.5107,1.0,0.3,3.8107,,
simulation-estimated,baseline,0,17,classroom_1,normal,0,1,41.58,0.18,0,22.0,22.0,3.2895,1.0,0.84,4.1295,,
simulation-estimated,baseline,0,17,classroom_2,normal,0,1,41.58,0.18,0,22.0,22.0,3.2895,1.0,0.84,4.1295,,
simulation-estimated,baseline,0,17,office_1,normal,1,1,41.58,0.18,0,22.0,22.0,2.9676,1.0,0.42,3.3876,,
simulation-estimated,baseline,0,17,corridor_1,normal,0,0,41.58,0.18,0,22.0,22.0,3.1328,1.0,0.6,3.7328,,
simulation-estimated,baseline,0,17,or_1,critical,0,0,41.58,0.18,0,20.0,20.0,3.4528,1.0,0.3,3.7528,,
simulation-estimated,baseline,0,18,classroom_1,normal,0,0,39.77,0.18,0,26.0,26.0,1.4951,0.0,0.0,1.4951,,
simulation-estimated,baseline,0,18,classroom_2,normal,0,0,39.77,0.18,0,26.0,26.0,1.4951,0.0,0.0,1.4951,,
simulation-estimated,baseline,0,18,office_1,normal,0,0,39.77,0.18,0,26.0,26.0,0.1479,0.0,0.0,0.1479,,
simulation-estimated,baseline,0,18,corridor_1,normal,0,0,39.77,0.18,0,26.0,26.0,0.3572,0.0,0.0,0.3572,,
simulation-estimated,baseline,0,18,or_1,critical,0,0,39.77,0.18,0,20.0,20.0,3.1628,1.0,0.3,3.4628,,
simulation-estimated,baseline,0,19,classroom_1,normal,0,0,38.39,0.18,0,26.0,26.0,2.0817,0.0,0.0,2.0817,,
simulation-estimated,baseline,0,19,classroom_2,normal,1,0,38.39,0.18,0,26.0,26.0,2.5017,0.0,0.0,2.5017,,
simulation-estimated,baseline,0,19,office_1,normal,0,0,38.39,0.18,0,26.0,26.0,1.6654,0.0,0.0,1.6654,,
simulation-estimated,baseline,0,19,corridor_1,normal,1,0,38.39,0.18,0,26.0,26.0,2.3826,0.0,0.0,2.3826,,
simulation-estimated,baseline,0,19,or_1,critical,0,0,38.39,0.18,0,20.0,20.0,2.9426,1.0,0.3,3.2426,,
simulation-estimated,baseline,0,20,classroom_1,normal,0,0,36.42,0.18,0,26.0,26.0,1.7508,0.0,0.0,1.7508,,
simulation-estimated,baseline,0,20,classroom_2,normal,0,0,36.42,0.18,0,26.0,26.0,1.7508,0.0,0.0,1.7508,,
simulation-estimated,baseline,0,20,office_1,normal,0,0,36.42,0.18,0,26.0,26.0,1.4006,0.0,0.0,1.4006,,
simulation-estimated,baseline,0,20,corridor_1,normal,0,0,36.42,0.18,0,26.0,26.0,1.6674,0.0,0.0,1.6674,,
simulation-estimated,baseline,0,20,or_1,critical,0,0,36.42,0.18,0,20.0,20.0,2.6274,1.0,0.3,2.9274,,
simulation-estimated,baseline,0,21,classroom_1,normal,0,0,33.59,0.18,0,26.0,26.0,1.2746,0.0,0.0,1.2746,,
simulation-estimated,baseline,0,21,classroom_2,normal,0,0,33.59,0.18,0,26.0,26.0,1.2746,0.0,0.0,1.2746,,
simulation-estimated,baseline,0,21,office_1,normal,0,0,33.59,0.18,0,26.0,26.0,1.0197,0.0,0.0,1.0197,,
simulation-estimated,baseline,0,21,corridor_1,normal,0,0,33.59,0.18,0,26.0,26.0,1.2139,0.0,0.0,1.2139,,
simulation-estimated,baseline,0,21,or_1,critical,0,0,33.59,0.18,0,20.0,20.0,2.1739,1.0,0.3,2.4739,,
simulation-estimated,baseline,0,22,classroom_1,normal,0,0,31.7,0.18,0,26.0,26.0,0.9574,0.0,0.0,0.9574,,
simulation-estimated,baseline,0,22,classroom_2,normal,0,0,31.7,0.18,0,26.0,26.0,0.9574,0.0,0.0,0.9574,,
simulation-estimated,baseline,0,22,office_1,normal,0,0,31.7,0.18,0,26.0,26.0,0.7659,0.0,0.0,0.7659,,
simulation-estimated,baseline,0,22,corridor_1,normal,0,0,31.7,0.18,0,26.0,26.0,0.9118,0.0,0.0,0.9118,,
simulation-estimated,baseline,0,22,or_1,critical,0,0,31.7,0.18,0,20.0,20.0,1.8718,1.0,0.3,2.1718,,
simulation-estimated,baseline,0,23,classroom_1,normal,0,0,29.7,0.18,0,26.0,26.0,0.6216,0.0,0.0,0.6216,,
simulation-estimated,baseline,0,23,classroom_2,normal,0,0,29.7,0.18,0,26.0,26.0,0.6216,0.0,0.0,0.6216,,
simulation-estimated,baseline,0,23,office_1,normal,0,0,29.7,0.18,0,26.0,26.0,0.4972,0.0,0.0,0.4972,,
simulation-estimated,baseline,0,23,corridor_1,normal,0,0,29.7,0.18,0,26.0,26.0,0.592,0.0,0.0,0.592,,
simulation-estimated,baseline,0,23,or_1,critical,0,0,29.7,0.18,0,20.0,20.0,1.552,1.0,0.3,1.852,,
simulation-estimated,baseline,1,0,classroom_1,normal,0,0,26.02,0.18,0,26.0,26.0,0.0025,0.0,0.0,0.0025,,
simulation-estimated,baseline,1,0,classroom_2,normal,0,0,26.02,0.18,0,26.0,26.0,0.0025,0.0,0.0,0.0025,,
simulation-estimated,baseline,1,0,office_1,normal,0,0,26.02,0.18,0,26.0,26.0,0.002,0.0,0.0,0.002,,
simulation-estimated,baseline,1,0,corridor_1,normal,0,0,26.02,0.18,0,26.0,26.0,0.0024,0.0,0.0,0.0024,,
simulation-estimated,baseline,1,0,or_1,critical,0,0,26.02,0.18,0,20.0,20.0,0.9624,1.0,0.3,1.2624,,
simulation-estimated,baseline,1,1,classroom_1,normal,0,0,24.5,0.18,0,26.0,26.0,0.2524,0.0,0.0,0.2524,,
simulation-estimated,baseline,1,1,classroom_2,normal,0,0,24.5,0.18,0,26.0,26.0,0.2524,0.0,0.0,0.2524,,
simulation-estimated,baseline,1,1,office_1,normal,0,0,24.5,0.18,0,26.0,26.0,0.2019,0.0,0.0,0.2019,,
simulation-estimated,baseline,1,1,corridor_1,normal,0,0,24.5,0.18,0,26.0,26.0,0.2403,0.0,0.0,0.2403,,
simulation-estimated,baseline,1,1,or_1,critical,0,0,24.5,0.18,0,20.0,20.0,0.7197,1.0,0.3,1.0197,,
simulation-estimated,baseline,1,2,classroom_1,normal,0,0,24.15,0.18,0,26.0,26.0,0.3104,0.0,0.0,0.3104,,
simulation-estimated,baseline,1,2,classroom_2,normal,0,0,24.15,0.18,0,26.0,26.0,0.3104,0.0,0.0,0.3104,,
simulation-estimated,baseline,1,2,office_1,normal,0,0,24.15,0.18,0,26.0,26.0,0.2483,0.0,0.0,0.2483,,
simulation-estimated,baseline,1,2,corridor_1,normal,0,0,24.15,0.18,0,26.0,26.0,0.2956,0.0,0.0,0.2956,,
simulation-estimated,baseline,1,2,or_1,critical,0,0,24.15,0.18,0,20.0,20.0,0.6644,1.0,0.3,0.9644,,
simulation-estimated,baseline,1,3,classroom_1,normal,0,0,23.92,0.18,0,26.0,26.0,0.3489,0.0,0.0,0.3489,,
simulation-estimated,baseline,1,3,classroom_2,normal,0,0,23.92,0.18,0,26.0,26.0,0.3489,0.0,0.0,0.3489,,
simulation-estimated,baseline,1,3,office_1,normal,0,0,23.92,0.18,0,26.0,26.0,0.2791,0.0,0.0,0.2791,,
simulation-estimated,baseline,1,3,corridor_1,normal,0,0,23.92,0.18,0,26.0,26.0,0.3322,0.0,0.0,0.3322,,
simulation-estimated,baseline,1,3,or_1,critical,0,0,23.92,0.18,0,20.0,20.0,0.6278,1.0,0.3,0.9278,,
simulation-estimated,baseline,1,4,classroom_1,normal,0,0,23.54,0.18,0,26.0,26.0,0.4129,0.0,0.0,0.4129,,
simulation-estimated,baseline,1,4,classroom_2,normal,0,0,23.54,0.18,0,26.0,26.0,0.4129,0.0,0.0,0.4129,,
simulation-estimated,baseline,1,4,office_1,normal,0,0,23.54,0.18,0,26.0,26.0,0.3303,0.0,0.0,0.3303,,
simulation-estimated,baseline,1,4,corridor_1,normal,0,0,23.54,0.18,0,26.0,26.0,0.3932,0.0,0.0,0.3932,,
simulation-estimated,baseline,1,4,or_1,critical,0,0,23.54,0.18,0,20.0,20.0,0.5668,1.0,0.3,0.8668,,
simulation-estimated,baseline,1,5,classroom_1,normal,0,0,25.1,0.18,0,26.0,26.0,0.151,0.0,0.0,0.151,,
simulation-estimated,baseline,1,5,classroom_2,normal,0,0,25.1,0.18,0,26.0,26.0,0.151,0.0,0.0,0.151,,
simulation-estimated,baseline,1,5,office_1,normal,0,0,25.1,0.18,0,26.0,26.0,0.1208,0.0,0.0,0.1208,,
simulation-estimated,baseline,1,5,corridor_1,normal,0,0,25.1,0.18,0,26.0,26.0,0.1438,0.0,0.0,0.1438,,
simulation-estimated,baseline,1,5,or_1,critical,0,0,25.1,0.18,0,20.0,20.0,0.8162,1.0,0.3,1.1162,,
simulation-estimated,baseline,1,6,classroom_1,normal,0,1,25.82,0.18,0,26.0,26.0,0.0308,0.0,0.0,0.0308,,
simulation-estimated,baseline,1,6,classroom_2,normal,0,1,25.82,0.18,0,26.0,26.0,0.0308,0.0,0.0,0.0308,,
simulation-estimated,baseline,1,6,office_1,normal,0,1,25.82,0.18,0,26.0,26.0,0.0246,0.0,0.0,0.0246,,
simulation-estimated,baseline,1,6,corridor_1,normal,0,0,25.82,0.18,0,26.0,26.0,0.0293,0.0,0.0,0.0293,,
simulation-estimated,baseline,1,6,or_1,critical,0,0,25.82,0.18,0,20.0,20.0,0.9307,1.0,0.3,1.2307,,
simulation-estimated,baseline,1,7,classroom_1,normal,0,1,27.78,0.18,0,22.0,22.0,4.779,1.0,0.84,5.619,,
simulation-estimated,baseline,1,7,classroom_2,normal,0,1,27.78,0.18,0,22.0,22.0,4.779,1.0,0.84,5.619,,
simulation-estimated,baseline,1,7,office_1,normal,1,1,27.78,0.18,0,22.0,22.0,2.8152,1.0,0.42,3.2352,,
simulation-estimated,baseline,1,7,corridor_1,normal,0,0,27.78,0.18,0,22.0,22.0,3.4847,1.0,0.6,4.0847,,
simulation-estimated,baseline,1,7,or_1,critical,0,0,27.78,0.18,0,20.0,20.0,1.2447,1.0,0.3,1.5447,,
simulation-estimated,baseline,1,8,classroom_1,normal,1,1,30.25,0.18,0,22.0,22.0,1.806,1.0,0.84,2.646,,
simulation-estimated,baseline,1,8,classroom_2,normal,1,1,30.25,0.18,0,22.0,22.0,1.806,1.0,0.84,2.646,,
simulation-estimated,baseline,1,8,office_1,normal,1,1,30.25,0.18,0,22.0,22.0,1.4448,1.0,0.42,1.8648,,
simulation-estimated,baseline,1,8,corridor_1,normal,0,0,30.25,0.18,0,22.0,22.0,1.32,1.0,0.6,1.92,,
simulation-estimated,baseline,1,8,or_1,critical,1,0,30.25,0.18,0,20.0,20.0,2.04,1.0,0.3,2.34,,
simulation-estimated,baseline,1,9,classroom_1,normal,1,1,32.0,0.18,0,22.0,22.0,2.0993,1.0,0.84,2.9393,,
simulation-estimated,baseline,1,9,classroom_2,normal,1,1,32.0,0.18,0,22.0,22.0,2.0993,1.0,0.84,2.9393,,
simulation-estimated,baseline,1,9,office_1,normal,0,1,32.0,0.18,0,22.0,22.0,1.3434,1.0,0.42,1.7634,,
simulation-estimated,baseline,1,9,corridor_1,normal,0,0,32.0,0.18,0,22.0,22.0,1.5993,1.0,0.6,2.1993,,
simulation-estimated,baseline,1,9,or_1,critical,0,0,32.0,0.18,0,20.0,20.0,1.9193,1.0,0.3,2.2193,,
simulation-estimated,baseline,1,10,classroom_1,normal,1,1,34.24,0.18,0,22.0,22.0,2.4762,1.0,0.84,3.3162,,
simulation-estimated,baseline,1,10,classroom_2,normal,0,1,34.24,0.18,0,22.0,22.0,2.0562,1.0,0.84,2.8962,,
simulation-estimated,baseline,1,10,office_1,normal,0,1,34.24,0.18,0,22.0,22.0,1.6449,1.0,0.42,2.0649,,
simulation-estimated,baseline,1,10,corridor_1,normal,0,0,34.24,0.18,0,22.0,22.0,1.9582,1.0,0.6,2.5582,,
simulation-estimated,baseline,1,10,or_1,critical,0,0,34.24,0.18,0,20.0,20.0,2.2782,1.0,0.3,2.5782,,
simulation-estimated,baseline,1,11,classroom_1,normal,1,1,36.05,0.18,0,22.0,22.0,2.7802,1.0,0.84,3.6202,,
simulation-estimated,baseline,1,11,classroom_2,normal,0,1,36.05,0.18,0,22.0,22.0,2.3602,1.0,0.84,3.2002,,
simulation-estimated,baseline,1,11,office_1,normal,1,1,36.05,0.18,0,22.0,22.0,2.2242,1.0,0.42,2.6442,,
simulation-estimated,baseline,1,11,corridor_1,normal,0,0,36.05,0.18,0,22.0,22.0,2.2478,1.0,0.6,2.8478,,
simulation-estimated,baseline,1,11,or_1,critical,0,0,36.05,0.18,0,20.0,20.0,2.5678,1.0,0.3,2.8678,,
simulation-estimated,baseline,1,12,classroom_1,normal,0,1,37.73,0.32,1,22.0,22.0,2.6428,1.0,0.84,3.4828,,
simulation-estimated,baseline,1,12,classroom_2,normal,0,1,37.73,0.32,1,22.0,22.0,2.6428,1.0,0.84,3.4828,,
simulation-estimated,baseline,1,12,office_1,normal,0,1,37.73,0.32,1,22.0,22.0,2.1143,1.0,0.42,2.5343,,
simulation-estimated,baseline,1,12,corridor_1,normal,1,0,37.73,0.32,1,22.0,22.0,2.917,1.0,0.6,3.517,,
simulation-estimated,baseline,1,12,or_1,critical,0,0,37.73,0.32,1,20.0,20.0,2.837,1.0,0.3,3.137,,
simulation-estimated,baseline,1,13,classroom_1,normal,1,1,39.1,0.32,1,22.0,22.0,3.2929,1.0,0.84,4.1329,,
simulation-estimated,baseline,1,13,classroom_2,normal,1,1,39.1,0.32,1,22.0,22.0,3.2929,1.0,0.84,4.1329,,
simulation-estimated,baseline,1,13,office_1,normal,1,1,39.1,0.32,1,22.0,22.0,2.6343,1.0,0.42,3.0543,,
simulation-estimated,baseline,1,13,corridor_1,normal,1,0,39.1,0.32,1,22.0,22.0,3.1361,1.0,0.6,3.7361,,
simulation-estimated,baseline,1,13,or_1,critical,1,0,39.1,0.32,1,20.0,20.0,3.4561,1.0,0.3,3.7561,,
simulation-estimated,baseline,1,14,classroom_1,normal,1,1,40.6,0.32,1,22.0,22.0,3.5444,1.0,0.84,4.3844,,
simulation-estimated,baseline,1,14,classroom_2,normal,1,1,40.6,0.32,1,22.0,22.0,3.5444,1.0,0.84,4.3844,,
simulation-estimated,baseline,1,14,office_1,normal,1,1,40.6,0.32,1,22.0,22.0,2.8355,1.0,0.42,3.2555,,
simulation-estimated,baseline,1,14,corridor_1,normal,0,0,40.6,0.32,1,22.0,22.0,2.9756,1.0,0.6,3.5756,,
simulation-estimated,baseline,1,14,or_1,critical,1,0,40.6,0.32,1,20.0,20.0,3.6956,1.0,0.3,3.9956,,
simulation-estimated,baseline,1,15,classroom_1,normal,0,1,40.59,0.32,1,22.0,22.0,3.1237,1.0,0.84,3.9637,,
simulation-estimated,baseline,1,15,classroom_2,normal,1,1,40.59,0.32,1,22.0,22.0,3.5437,1.0,0.84,4.3837,,
simulation-estimated,baseline,1,15,office_1,normal,1,1,40.59,0.32,1,22.0,22.0,2.8349,1.0,0.42,3.2549,,
simulation-estimated,baseline,1,15,corridor_1,normal,0,0,40.59,0.32,1,22.0,22.0,2.9749,1.0,0.6,3.5749,,
simulation-estimated,baseline,1,15,or_1,critical,1,0,40.59,0.32,1,20.0,20.0,3.6949,1.0,0.3,3.9949,,
simulation-estimated,baseline,1,16,classroom_1,normal,1,1,40.42,0.32,1,22.0,22.0,3.515,1.0,0.84,4.355,,
simulation-estimated,baseline,1,16,classroom_2,normal,1,1,40.42,0.32,1,22.0,22.0,3.515,1.0,0.84,4.355,,
simulation-estimated,baseline,1,16,office_1,normal,1,1,40.42,0.32,1,22.0,22.0,2.812,1.0,0.42,3.232,,
simulation-estimated,baseline,1,16,corridor_1,normal,1,0,40.42,0.32,1,22.0,22.0,3.3476,1.0,0.6,3.9476,,
simulation-estimated,baseline,1,16,or_1,critical,0,0,40.42,0.32,1,20.0,20.0,3.2676,1.0,0.3,3.5676,,
simulation-estimated,baseline,1,17,classroom_1,normal,0,1,39.84,0.18,0,22.0,22.0,2.9963,1.0,0.84,3.8363,,
simulation-estimated,baseline,1,17,classroom_2,normal,0,1,39.84,0.18,0,22.0,22.0,2.9963,1.0,0.84,3.8363,,
simulation-estimated,baseline,1,17,office_1,normal,1,1,39.84,0.18,0,22.0,22.0,2.733,1.0,0.42,3.153,,
simulation-estimated,baseline,1,17,corridor_1,normal,1,0,39.84,0.18,0,22.0,22.0,3.2536,1.0,0.6,3.8536,,
simulation-estimated,baseline,1,17,or_1,critical,0,0,39.84,0.18,0,20.0,20.0,3.1736,1.0,0.3,3.4736,,
simulation-estimated,baseline,1,18,classroom_1,normal,0,0,38.39,0.18,0,26.0,26.0,1.7265,0.0,0.0,1.7265,,
simulation-estimated,baseline,1,18,classroom_2,normal,0,0,38.39,0.18,0,26.0,26.0,1.7265,0.0,0.0,1.7265,,
simulation-estimated,baseline,1,18,office_1,normal,0,0,38.39,0.18,0,26.0,26.0,0.0372,0.0,0.0,0.0372,,
simulation-estimated,baseline,1,18,corridor_1,normal,0,0,38.39,0.18,0,26.0,26.0,0.5776,0.0,0.0,0.5776,,
simulation-estimated,baseline,1,18,or_1,critical,0,0,38.39,0.18,0,20.0,20.0,2.9424,1.0,0.3,3.2424,,
simulation-estimated,baseline,1,19,classroom_1,normal,0,0,36.41,0.18,0,26.0,26.0,1.7496,0.0,0.0,1.7496,,
simulation-estimated,baseline,1,19,classroom_2,normal,0,0,36.41,0.18,0,26.0,26.0,1.7496,0.0,0.0,1.7496,,
simulation-estimated,baseline,1,19,office_1,normal,1,0,36.41,0.18,0,26.0,26.0,1.7357,0.0,0.0,1.7357,,
simulation-estimated,baseline,1,19,corridor_1,normal,0,0,36.41,0.18,0,26.0,26.0,1.6663,0.0,0.0,1.6663,,
simulation-estimated,baseline,1,19,or_1,critical,0,0,36.41,0.18,0,20.0,20.0,2.6263,1.0,0.3,2.9263,,
simulation-estimated,baseline,1,20,classroom_1,normal,0,0,34.41,0.18,0,26.0,26.0,1.4122,0.0,0.0,1.4122,,
simulation-estimated,baseline,1,20,classroom_2,normal,0,0,34.41,0.18,0,26.0,26.0,1.4122,0.0,0.0,1.4122,,
simulation-estimated,baseline,1,20,office_1,normal,0,0,34.41,0.18,0,26.0,26.0,1.1297,0.0,0.0,1.1297,,
simulation-estimated,baseline,1,20,corridor_1,normal,0,0,34.41,0.18,0,26.0,26.0,1.3449,0.0,0.0,1.3449,,
simulation-estimated,baseline,1,20,or_1,critical,0,0,34.41,0.18,0,20.0,20.0,2.3049,1.0,0.3,2.6049,,
simulation-estimated,baseline,1,21,classroom_1,normal,0,0,31.89,0.18,0,26.0,26.0,0.99,0.0,0.0,0.99,,
simulation-estimated,baseline,1,21,classroom_2,normal,0,0,31.89,0.18,0,26.0,26.0,0.99,0.0,0.0,0.99,,
simulation-estimated,baseline,1,21,office_1,normal,0,0,31.89,0.18,0,26.0,26.0,0.792,0.0,0.0,0.792,,
simulation-estimated,baseline,1,21,corridor_1,normal,0,0,31.89,0.18,0,26.0,26.0,0.9429,0.0,0.0,0.9429,,
simulation-estimated,baseline,1,21,or_1,critical,0,0,31.89,0.18,0,20.0,20.0,1.9029,1.0,0.3,2.2029,,
simulation-estimated,baseline,1,22,classroom_1,normal,0,0,29.87,0.18,0,26.0,26.0,0.6495,0.0,0.0,0.6495,,
simulation-estimated,baseline,1,22,classroom_2,normal,0,0,29.87,0.18,0,26.0,26.0,0.6495,0.0,0.0,0.6495,,
simulation-estimated,baseline,1,22,office_1,normal,0,0,29.87,0.18,0,26.0,26.0,0.5196,0.0,0.0,0.5196,,
simulation-estimated,baseline,1,22,corridor_1,normal,0,0,29.87,0.18,0,26.0,26.0,0.6185,0.0,0.0,0.6185,,
simulation-estimated,baseline,1,22,or_1,critical,0,0,29.87,0.18,0,20.0,20.0,1.5785,1.0,0.3,1.8785,,
simulation-estimated,baseline,1,23,classroom_1,normal,0,0,27.43,0.18,0,26.0,26.0,0.2399,0.0,0.0,0.2399,,
simulation-estimated,baseline,1,23,classroom_2,normal,0,0,27.43,0.18,0,26.0,26.0,0.2399,0.0,0.0,0.2399,,
simulation-estimated,baseline,1,23,office_1,normal,0,0,27.43,0.18,0,26.0,26.0,0.1919,0.0,0.0,0.1919,,
simulation-estimated,baseline,1,23,corridor_1,normal,0,0,27.43,0.18,0,26.0,26.0,0.2285,0.0,0.0,0.2285,,
simulation-estimated,baseline,1,23,or_1,critical,0,0,27.43,0.18,0,20.0,20.0,1.1885,1.0,0.3,1.4885,,
simulation-estimated,baseline,2,0,classroom_1,normal,1,0,26.76,0.18,0,26.0,26.0,0.5471,0.0,0.0,0.5471,,
simulation-estimated,baseline,2,0,classroom_2,normal,0,0,26.76,0.18,0,26.0,26.0,0.1271,0.0,0.0,0.1271,,
simulation-estimated,baseline,2,0,office_1,normal,0,0,26.76,0.18,0,26.0,26.0,0.1017,0.0,0.0,0.1017,,
simulation-estimated,baseline,2,0,corridor_1,normal,0,0,26.76,0.18,0,26.0,26.0,0.1211,0.0,0.0,0.1211,,
simulation-estimated,baseline,2,0,or_1,critical,0,0,26.76,0.18,0,20.0,20.0,1.0811,1.0,0.3,1.3811,,
simulation-estimated,baseline,2,1,classroom_1,normal,0,0,25.73,0.18,0,26.0,26.0,0.0451,0.0,0.0,0.0451,,
simulation-estimated,baseline,2,1,classroom_2,normal,0,0,25.73,0.18,0,26.0,26.0,0.0451,0.0,0.0,0.0451,,
simulation-estimated,baseline,2,1,office_1,normal,0,0,25.73,0.18,0,26.0,26.0,0.0361,0.0,0.0,0.0361,,
simulation-estimated,baseline,2,1,corridor_1,normal,0,0,25.73,0.18,0,26.0,26.0,0.043,0.0,0.0,0.043,,
simulation-estimated,baseline,2,1,or_1,critical,0,0,25.73,0.18,0,20.0,20.0,0.917,1.0,0.3,1.217,,
simulation-estimated,baseline,2,2,classroom_1,normal,0,0,24.85,0.18,0,26.0,26.0,0.1929,0.0,0.0,0.1929,,
simulation-estimated,baseline,2,2,classroom_2,normal,0,0,24.85,0.18,0,26.0,26.0,0.1929,0.0,0.0,0.1929,,
simulation-estimated,baseline,2,2,office_1,normal,0,0,24.85,0.18,0,26.0,26.0,0.1543,0.0,0.0,0.1543,,
simulation-estimated,baseline,2,2,corridor_1,normal,0,0,24.85,0.18,0,26.0,26.0,0.1837,0.0,0.0,0.1837,,
simulation-estimated,baseline,2,2,or_1,critical,0,0,24.85,0.18,0,20.0,20.0,0.7763,1.0,0.3,1.0763,,
simulation-estimated,baseline,2,3,classroom_1,normal,0,0,24.55,0.18,0,26.0,26.0,0.2437,0.0,0.0,0.2437,,
simulation-estimated,baseline,2,3,classroom_2,normal,0,0,24.55,0.18,0,26.0,26.0,0.2437,0.0,0.0,0.2437,,
simulation-estimated,baseline,2,3,office_1,normal,0,0,24.55,0.18,0,26.0,26.0,0.195,0.0,0.0,0.195,,
simulation-estimated,baseline,2,3,corridor_1,normal,0,0,24.55,0.18,0,26.0,26.0,0.2321,0.0,0.0,0.2321,,
simulation-estimated,baseline,2,3,or_1,critical,0,0,24.55,0.18,0,20.0,20.0,0.7279,1.0,0.3,1.0279,,
simulation-estimated,baseline,2,4,classroom_1,normal,0,0,24.91,0.18,0,26.0,26.0,0.1837,0.0,0.0,0.1837,,
simulation-estimated,baseline,2,4,classroom_2,normal,0,0,24.91,0.18,0,26.0,26.0,0.1837,0.0,0.0,0.1837,,
simulation-estimated,baseline,2,4,office_1,normal,0,0,24.91,0.18,0,26.0,26.0,0.147,0.0,0.0,0.147,,
simulation-estimated,baseline,2,4,corridor_1,normal,0,0,24.91,0.18,0,26.0,26.0,0.175,0.0,0.0,0.175,,
simulation-estimated,baseline,2,4,or_1,critical,0,0,24.91,0.18,0,20.0,20.0,0.785,1.0,0.3,1.085,,
simulation-estimated,baseline,2,5,classroom_1,normal,0,0,25.33,0.18,0,26.0,26.0,0.1126,0.0,0.0,0.1126,,
simulation-estimated,baseline,2,5,classroom_2,normal,0,0,25.33,0.18,0,26.0,26.0,0.1126,0.0,0.0,0.1126,,
simulation-estimated,baseline,2,5,office_1,normal,0,0,25.33,0.18,0,26.0,26.0,0.0901,0.0,0.0,0.0901,,
simulation-estimated,baseline,2,5,corridor_1,normal,0,0,25.33,0.18,0,26.0,26.0,0.1073,0.0,0.0,0.1073,,
simulation-estimated,baseline,2,5,or_1,critical,0,0,25.33,0.18,0,20.0,20.0,0.8527,1.0,0.3,1.1527,,
simulation-estimated,baseline,2,6,classroom_1,normal,0,1,27.04,0.18,0,26.0,26.0,0.1755,0.0,0.0,0.1755,,
simulation-estimated,baseline,2,6,classroom_2,normal,0,1,27.04,0.18,0,26.0,26.0,0.1755,0.0,0.0,0.1755,,
simulation-estimated,baseline,2,6,office_1,normal,0,1,27.04,0.18,0,26.0,26.0,0.1404,0.0,0.0,0.1404,,
simulation-estimated,baseline,2,6,corridor_1,normal,0,0,27.04,0.18,0,26.0,26.0,0.1671,0.0,0.0,0.1671,,
simulation-estimated,baseline,2,6,or_1,critical,0,0,27.04,0.18,0,20.0,20.0,1.1271,1.0,0.3,1.4271,,
simulation-estimated,baseline,2,7,classroom_1,normal,1,1,28.54,0.18,0,22.0,22.0,5.3273,1.0,0.84,6.1673,,
simulation-estimated,baseline,2,7,classroom_2,normal,0,1,28.54,0.18,0,22.0,22.0,4.9073,1.0,0.84,5.7473,,
simulation-estimated,baseline,2,7,office_1,normal,1,1,28.54,0.18,0,22.0,22.0,2.9178,1.0,0.42,3.3378,,
simulation-estimated,baseline,2,7,corridor_1,normal,1,0,28.54,0.18,0,22.0,22.0,4.0069,1.0,0.6,4.6069,,
simulation-estimated,baseline,2,7,or_1,critical,0,0,28.54,0.18,0,20.0,20.0,1.3669,1.0,0.3,1.6669,,
simulation-estimated,baseline,2,8,classroom_1,normal,1,1,30.49,0.18,0,22.0,22.0,1.8459,1.0,0.84,2.6859,,
simulation-estimated,baseline,2,8,classroom_2,normal,0,1,30.49,0.18,0,22.0,22.0,1.4259,1.0,0.84,2.2659,,
simulation-estimated,baseline,2,8,office_1,normal,1,1,30.49,0.18,0,22.0,22.0,1.4768,1.0,0.42,1.8968,,
simulation-estimated,baseline,2,8,corridor_1,normal,0,0,30.49,0.18,0,22.0,22.0,1.358,1.0,0.6,1.958,,
simulation-estimated,baseline,2,8,or_1,critical,1,0,30.49,0.18,0,20.0,20.0,2.078,1.0,0.3,2.378,,
simulation-estimated,baseline,2,9,classroom_1,normal,1,1,33.21,0.18,0,22.0,22.0,2.3033,1.0,0.84,3.1433,,
simulation-estimated,baseline,2,9,classroom_2,normal,1,1,33.21,0.18,0,22.0,22.0,2.3033,1.0,0.84,3.1433,,
simulation-estimated,baseline,2,9,office_1,normal,1,1,33.21,0.18,0,22.0,22.0,1.8426,1.0,0.42,2.2626,,
simulation-estimated,baseline,2,9,corridor_1,normal,0,0,33.21,0.18,0,22.0,22.0,1.7936,1.0,0.6,2.3936,,
simulation-estimated,baseline,2,9,or_1,critical,1,0,33.21,0.18,0,20.0,20.0,2.5136,1.0,0.3,2.8136,,
simulation-estimated,baseline,2,10,classroom_1,normal,1,1,35.4,0.18,0,22.0,22.0,2.6704,1.0,0.84,3.5104,,
simulation-estimated,baseline,2,10,classroom_2,normal,1,1,35.4,0.18,0,22.0,22.0,2.6704,1.0,0.84,3.5104,,
simulation-estimated,baseline,2,10,office_1,normal,1,1,35.4,0.18,0,22.0,22.0,2.1363,1.0,0.42,2.5563,,
simulation-estimated,baseline,2,10,corridor_1,normal,0,0,35.4,0.18,0,22.0,22.0,2.1432,1.0,0.6,2.7432,,
simulation-estimated,baseline,2,10,or_1,critical,1,0,35.4,0.18,0,20.0,20.0,2.8632,1.0,0.3,3.1632,,
simulation-estimated,baseline,2,11,classroom_1,normal,1,1,37.16,0.18,0,22.0,22.0,2.9669,1.0,0.84,3.8069,,
simulation-estimated,baseline,2,11,classroom_2,normal,1,1,37.16,0.18,0,22.0,22.0,2.9669,1.0,0.84,3.8069,,
simulation-estimated,baseline,2,11,office_1,normal,1,1,37.16,0.18,0,22.0,22.0,2.3735,1.0,0.42,2.7935,,
simulation-estimated,baseline,2,11,corridor_1,normal,0,0,37.16,0.18,0,22.0,22.0,2.4256,1.0,0.6,3.0256,,
simulation-estimated,baseline,2,11,or_1,critical,0,0,37.16,0.18,0,20.0,20.0,2.7456,1.0,0.3,3.0456,,
simulation-estimated,baseline,2,12,classroom_1,normal,0,1,38.44,0.32,1,22.0,22.0,2.7614,1.0,0.84,3.6014,,
simulation-estimated,baseline,2,12,classroom_2,normal,0,1,38.44,0.32,1,22.0,22.0,2.7614,1.0,0.84,3.6014,,
simulation-estimated,baseline,2,12,office_1,normal,0,1,38.44,0.32,1,22.0,22.0,2.2091,1.0,0.42,2.6291,,
simulation-estimated,baseline,2,12,corridor_1,normal,0,0,38.44,0.32,1,22.0,22.0,2.6299,1.0,0.6,3.2299,,
simulation-estimated,baseline,2,12,or_1,critical,0,0,38.44,0.32,1,20.0,20.0,2.9499,1.0,0.3,3.2499,,
simulation-estimated,baseline,2,13,classroom_1,normal,1,1,40.08,0.32,1,22.0,22.0,3.4571,1.0,0.84,4.2971,,
simulation-estimated,baseline,2,13,classroom_2,normal,1,1,40.08,0.32,1,22.0,22.0,3.4571,1.0,0.84,4.2971,,
simulation-estimated,baseline,2,13,office_1,normal,1,1,40.08,0.32,1,22.0,22.0,2.7656,1.0,0.42,3.1856,,
simulation-estimated,baseline,2,13,corridor_1,normal,1,0,40.08,0.32,1,22.0,22.0,3.2924,1.0,0.6,3.8924,,
simulation-estimated,baseline,2,13,or_1,critical,0,0,40.08,0.32,1,20.0,20.0,3.2124,1.0,0.3,3.5124,,
simulation-estimated,baseline,2,14,classroom_1,normal,1,1,41.21,0.32,1,22.0,22.0,3.6475,1.0,0.84,4.4875,,
simulation-estimated,baseline,2,14,classroom_2,normal,1,1,41.21,0.32,1,22.0,22.0,3.6475,1.0,0.84,4.4875,,
simulation-estimated,baseline,2,14,office_1,normal,1,1,41.21,0.32,1,22.0,22.0,2.918,1.0,0.42,3.338,,
simulation-estimated,baseline,2,14,corridor_1,normal,0,0,41.21,0.32,1,22.0,22.0,3.0738,1.0,0.6,3.6738,,
simulation-estimated,baseline,2,14,or_1,critical,1,0,41.21,0.32,1,20.0,20.0,3.7938,1.0,0.3,4.0938,,
simulation-estimated,baseline,2,15,classroom_1,normal,1,1,41.03,0.32,1,22.0,22.0,3.6165,1.0,0.84,4.4565,,
simulation-estimated,baseline,2,15,classroom_2,normal,0,1,41.03,0.32,1,22.0,22.0,3.1965,1.0,0.84,4.0365,,
simulation-estimated,baseline,2,15,office_1,normal,1,1,41.03,0.32,1,22.0,22.0,2.8932,1.0,0.42,3.3132,,
simulation-estimated,baseline,2,15,corridor_1,normal,0,0,41.03,0.32,1,22.0,22.0,3.0443,1.0,0.6,3.6443,,
simulation-estimated,baseline,2,15,or_1,critical,0,0,41.03,0.32,1,20.0,20.0,3.3643,1.0,0.3,3.6643,,
simulation-estimated,baseline,2,16,classroom_1,normal,0,1,40.88,0.32,1,22.0,22.0,3.1712,1.0,0.84,4.0112,,
simulation-estimated,baseline,2,16,classroom_2,normal,1,1,40.88,0.32,1,22.0,22.0,3.5912,1.0,0.84,4.4312,,
simulation-estimated,baseline,2,16,office_1,normal,1,1,40.88,0.32,1,22.0,22.0,2.873,1.0,0.42,3.293,,
simulation-estimated,baseline,2,16,corridor_1,normal,1,0,40.88,0.32,1,22.0,22.0,3.4202,1.0,0.6,4.0202,,
simulation-estimated,baseline,2,16,or_1,critical,0,0,40.88,0.32,1,20.0,20.0,3.3402,1.0,0.3,3.6402,,
simulation-estimated,baseline,2,17,classroom_1,normal,0,1,40.31,0.18,0,22.0,22.0,3.0761,1.0,0.84,3.9161,,
simulation-estimated,baseline,2,17,classroom_2,normal,0,1,40.31,0.18,0,22.0,22.0,3.0761,1.0,0.84,3.9161,,
simulation-estimated,baseline,2,17,office_1,normal,1,1,40.31,0.18,0,22.0,22.0,2.7969,1.0,0.42,3.2169,,
simulation-estimated,baseline,2,17,corridor_1,normal,1,0,40.31,0.18,0,22.0,22.0,3.3296,1.0,0.6,3.9296,,
simulation-estimated,baseline,2,17,or_1,critical,0,0,40.31,0.18,0,20.0,20.0,3.2496,1.0,0.3,3.5496,,
simulation-estimated,baseline,2,18,classroom_1,normal,0,0,39.07,0.18,0,26.0,26.0,1.6119,0.0,0.0,1.6119,,
simulation-estimated,baseline,2,18,classroom_2,normal,0,0,39.07,0.18,0,26.0,26.0,1.6119,0.0,0.0,1.6119,,
simulation-estimated,baseline,2,18,office_1,normal,0,0,39.07,0.18,0,26.0,26.0,0.0545,0.0,0.0,0.0545,,
simulation-estimated,baseline,2,18,corridor_1,normal,0,0,39.07,0.18,0,26.0,26.0,0.4684,0.0,0.0,0.4684,,
simulation-estimated,baseline,2,18,or_1,critical,0,0,39.07,0.18,0,20.0,20.0,3.0516,1.0,0.3,3.3516,,
simulation-estimated,baseline,2,19,classroom_1,normal,0,0,37.33,0.18,0,26.0,26.0,1.9034,0.0,0.0,1.9034,,
simulation-estimated,baseline,2,19,classroom_2,normal,0,0,37.33,0.18,0,26.0,26.0,1.9034,0.0,0.0,1.9034,,
simulation-estimated,baseline,2,19,office_1,normal,0,0,37.33,0.18,0,26.0,26.0,1.5227,0.0,0.0,1.5227,,
simulation-estimated,baseline,2,19,corridor_1,normal,0,0,37.33,0.18,0,26.0,26.0,1.8128,0.0,0.0,1.8128,,
simulation-estimated,baseline,2,19,or_1,critical,1,0,37.33,0.18,0,20.0,20.0,3.1728,1.0,0.3,3.4728,,
simulation-estimated,baseline,2,20,classroom_1,normal,0,0,34.82,0.18,0,26.0,26.0,1.4819,0.0,0.0,1.4819,,
simulation-estimated,baseline,2,20,classroom_2,normal,0,0,34.82,0.18,0,26.0,26.0,1.4819,0.0,0.0,1.4819,,
simulation-estimated,baseline,2,20,office_1,normal,0,0,34.82,0.18,0,26.0,26.0,1.1855,0.0,0.0,1.1855,,
simulation-estimated,baseline,2,20,corridor_1,normal,0,0,34.82,0.18,0,26.0,26.0,1.4113,0.0,0.0,1.4113,,
simulation-estimated,baseline,2,20,or_1,critical,0,0,34.82,0.18,0,20.0,20.0,2.3713,1.0,0.3,2.6713,,
simulation-estimated,baseline,2,21,classroom_1,normal,0,0,32.58,0.18,0,26.0,26.0,1.1055,0.0,0.0,1.1055,,
simulation-estimated,baseline,2,21,classroom_2,normal,0,0,32.58,0.18,0,26.0,26.0,1.1055,0.0,0.0,1.1055,,
simulation-estimated,baseline,2,21,office_1,normal,0,0,32.58,0.18,0,26.0,26.0,0.8844,0.0,0.0,0.8844,,
simulation-estimated,baseline,2,21,corridor_1,normal,0,0,32.58,0.18,0,26.0,26.0,1.0529,0.0,0.0,1.0529,,
simulation-estimated,baseline,2,21,or_1,critical,1,0,32.58,0.18,0,20.0,20.0,2.4129,1.0,0.3,2.7129,,
simulation-estimated,baseline,2,22,classroom_1,normal,0,0,30.83,0.18,0,26.0,26.0,0.8108,0.0,0.0,0.8108,,
simulation-estimated,baseline,2,22,classroom_2,normal,0,0,30.83,0.18,0,26.0,26.0,0.8108,0.0,0.0,0.8108,,
simulation-estimated,baseline,2,22,office_1,normal,0,0,30.83,0.18,0,26.0,26.0,0.6486,0.0,0.0,0.6486,,
simulation-estimated,baseline,2,22,corridor_1,normal,0,0,30.83,0.18,0,26.0,26.0,0.7721,0.0,0.0,0.7721,,
simulation-estimated,baseline,2,22,or_1,critical,0,0,30.83,0.18,0,20.0,20.0,1.7321,1.0,0.3,2.0321,,
simulation-estimated,baseline,2,23,classroom_1,normal,0,0,28.59,0.18,0,26.0,26.0,0.435,0.0,0.0,0.435,,
simulation-estimated,baseline,2,23,classroom_2,normal,0,0,28.59,0.18,0,26.0,26.0,0.435,0.0,0.0,0.435,,
simulation-estimated,baseline,2,23,office_1,normal,0,0,28.59,0.18,0,26.0,26.0,0.348,0.0,0.0,0.348,,
simulation-estimated,baseline,2,23,corridor_1,normal,0,0,28.59,0.18,0,26.0,26.0,0.4143,0.0,0.0,0.4143,,
simulation-estimated,baseline,2,23,or_1,critical,0,0,28.59,0.18,0,20.0,20.0,1.3743,1.0,0.3,1.6743,,
simulation-estimated,baseline,3,0,classroom_1,normal,0,0,26.79,0.18,0,26.0,26.0,0.1333,0.0,0.0,0.1333,,
simulation-estimated,baseline,3,0,classroom_2,normal,0,0,26.79,0.18,0,26.0,26.0,0.1333,0.0,0.0,0.1333,,
simulation-estimated,baseline,3,0,office_1,normal,0,0,26.79,0.18,0,26.0,26.0,0.1066,0.0,0.0,0.1066,,
simulation-estimated,baseline,3,0,corridor_1,normal,0,0,26.79,0.18,0,26.0,26.0,0.1269,0.0,0.0,0.1269,,
simulation-estimated,baseline,3,0,or_1,critical,0,0,26.79,0.18,0,20.0,20.0,1.0869,1.0,0.3,1.3869,,
simulation-estimated,baseline,3,1,classroom_1,normal,0,0,25.48,0.18,0,26.0,26.0,0.0867,0.0,0.0,0.0867,,
simulation-estimated,baseline,3,1,classroom_2,normal,0,0,25.48,0.18,0,26.0,26.0,0.0867,0.0,0.0,0.0867,,
simulation-estimated,baseline,3,1,office_1,normal,0,0,25.48,0.18,0,26.0,26.0,0.0694,0.0,0.0,0.0694,,
simulation-estimated,baseline,3,1,corridor_1,normal,0,0,25.48,0.18,0,26.0,26.0,0.0826,0.0,0.0,0.0826,,
simulation-estimated,baseline,3,1,or_1,critical,0,0,25.48,0.18,0,20.0,20.0,0.8774,1.0,0.3,1.1774,,
simulation-estimated,baseline,3,2,classroom_1,normal,0,0,24.44,0.18,0,26.0,26.0,0.2622,0.0,0.0,0.2622,,
simulation-estimated,baseline,3,2,classroom_2,normal,0,0,24.44,0.18,0,26.0,26.0,0.2622,0.0,0.0,0.2622,,
simulation-estimated,baseline,3,2,office_1,normal,0,0,24.44,0.18,0,26.0,26.0,0.2098,0.0,0.0,0.2098,,
simulation-estimated,baseline,3,2,corridor_1,normal,0,0,24.44,0.18,0,26.0,26.0,0.2498,0.0,0.0,0.2498,,
simulation-estimated,baseline,3,2,or_1,critical,0,0,24.44,0.18,0,20.0,20.0,0.7102,1.0,0.3,1.0102,,
simulation-estimated,baseline,3,3,classroom_1,normal,0,0,24.27,0.18,0,26.0,26.0,0.2905,0.0,0.0,0.2905,,
simulation-estimated,baseline,3,3,classroom_2,normal,0,0,24.27,0.18,0,26.0,26.0,0.2905,0.0,0.0,0.2905,,
simulation-estimated,baseline,3,3,office_1,normal,0,0,24.27,0.18,0,26.0,26.0,0.2324,0.0,0.0,0.2324,,
simulation-estimated,baseline,3,3,corridor_1,normal,0,0,24.27,0.18,0,26.0,26.0,0.2766,0.0,0.0,0.2766,,
simulation-estimated,baseline,3,3,or_1,critical,0,0,24.27,0.18,0,20.0,20.0,0.6834,1.0,0.3,0.9834,,
simulation-estimated,baseline,3,4,classroom_1,normal,0,0,24.49,0.18,0,26.0,26.0,0.2534,0.0,0.0,0.2534,,
simulation-estimated,baseline,3,4,classroom_2,normal,0,0,24.49,0.18,0,26.0,26.0,0.2534,0.0,0.0,0.2534,,
simulation-estimated,baseline,3,4,office_1,normal,0,0,24.49,0.18,0,26.0,26.0,0.2028,0.0,0.0,0.2028,,
simulation-estimated,baseline,3,4,corridor_1,normal,0,0,24.49,0.18,0,26.0,26.0,0.2414,0.0,0.0,0.2414,,
simulation-estimated,baseline,3,4,or_1,critical,0,0,24.49,0.18,0,20.0,20.0,0.7186,1.0,0.3,1.0186,,
simulation-estimated,baseline,3,5,classroom_1,normal,0,0,25.23,0.18,0,26.0,26.0,0.1286,0.0,0.0,0.1286,,
simulation-estimated,baseline,3,5,classroom_2,normal,0,0,25.23,0.18,0,26.0,26.0,0.1286,0.0,0.0,0.1286,,
simulation-estimated,baseline,3,5,office_1,normal,0,0,25.23,0.18,0,26.0,26.0,0.1029,0.0,0.0,0.1029,,
simulation-estimated,baseline,3,5,corridor_1,normal,0,0,25.23,0.18,0,26.0,26.0,0.1225,0.0,0.0,0.1225,,
simulation-estimated,baseline,3,5,or_1,critical,0,0,25.23,0.18,0,20.0,20.0,0.8375,1.0,0.3,1.1375,,
simulation-estimated,baseline,3,6,classroom_1,normal,0,1,26.73,0.18,0,26.0,26.0,0.1221,0.0,0.0,0.1221,,
simulation-estimated,baseline,3,6,classroom_2,normal,0,1,26.73,0.18,0,26.0,26.0,0.1221,0.0,0.0,0.1221,,
simulation-estimated,baseline,3,6,office_1,normal,0,1,26.73,0.18,0,26.0,26.0,0.0976,0.0,0.0,0.0976,,
simulation-estimated,baseline,3,6,corridor_1,normal,0,0,26.73,0.18,0,26.0,26.0,0.1162,0.0,0.0,0.1162,,
simulation-estimated,baseline,3,6,or_1,critical,1,0,26.73,0.18,0,20.0,20.0,1.4762,1.0,0.3,1.7762,,
simulation-estimated,baseline,3,7,classroom_1,normal,0,1,28.3,0.18,0,22.0,22.0,4.8666,1.0,0.84,5.7066,,
simulation-estimated,baseline,3,7,classroom_2,normal,0,1,28.3,0.18,0,22.0,22.0,4.8666,1.0,0.84,5.7066,,
simulation-estimated,baseline,3,7,office_1,normal,0,1,28.3,0.18,0,22.0,22.0,2.5493,1.0,0.42,2.9693,,
simulation-estimated,baseline,3,7,corridor_1,normal,1,0,28.3,0.18,0,22.0,22.0,3.9682,1.0,0.6,4.5682,,
simulation-estimated,baseline,3,7,or_1,critical,0,0,28.3,0.18,0,20.0,20.0,1.3282,1.0,0.3,1.6282,,
simulation-estimated,baseline,3,8,classroom_1,normal,1,1,30.51,0.18,0,22.0,22.0,1.8491,1.0,0.84,2.6891,,
simulation-estimated,baseline,3,8,classroom_2,normal,1,1,30.51,0.18,0,22.0,22.0,1.8491,1.0,0.84,2.6891,,
simulation-estimated,baseline,3,8,office_1,normal,1,1,30.51,0.18,0,22.0,22.0,1.4793,1.0,0.42,1.8993,,
simulation-estimated,baseline,3,8,corridor_1,normal,0,0,30.51,0.18,0,22.0,22.0,1.3611,1.0,0.6,1.9611,,
simulation-estimated,baseline,3,8,or_1,critical,1,0,30.51,0.18,0,20.0,20.0,2.0811,1.0,0.3,2.3811,,
simulation-estimated,baseline,3,9,classroom_1,normal,1,1,32.54,0.18,0,22.0,22.0,2.1905,1.0,0.84,3.0305,,
simulation-estimated,baseline,3,9,classroom_2,normal,1,1,32.54,0.18,0,22.0,22.0,2.1905,1.0,0.84,3.0305,,
simulation-estimated,baseline,3,9,office_1,normal,1,1,32.54,0.18,0,22.0,22.0,1.7524,1.0,0.42,2.1724,,
simulation-estimated,baseline,3,9,corridor_1,normal,0,0,32.54,0.18,0,22.0,22.0,1.6862,1.0,0.6,2.2862,,
simulation-estimated,baseline,3,9,or_1,critical,1,0,32.54,0.18,0,20.0,20.0,2.4062,1.0,0.3,2.7062,,
simulation-estimated,baseline,3,10,classroom_1,normal,1,1,34.97,0.18,0,22.0,22.0,2.5985,1.0,0.84,3.4385,,
simulation-estimated,baseline,3,10,classroom_2,normal,1,1,34.97,0.18,0,22.0,22.0,2.5985,1.0,0.84,3.4385,,
simulation-estimated,baseline,3,10,office_1,normal,1,1,34.97,0.18,0,22.0,22.0,2.0788,1.0,0.42,2.4988,,
simulation-estimated,baseline,3,10,corridor_1,normal,1,0,34.97,0.18,0,22.0,22.0,2.4748,1.0,0.6,3.0748,,
simulation-estimated,baseline,3,10,or_1,critical,0,0,34.97,0.18,0,20.0,20.0,2.3948,1.0,0.3,2.6948,,
simulation-estimated,baseline,3,11,classroom_1,normal,1,1,36.63,0.18,0,22.0,22.0,2.8775,1.0,0.84,3.7175,,
simulation-estimated,baseline,3,11,classroom_2,normal,1,1,36.63,0.18,0,22.0,22.0,2.8775,1.0,0.84,3.7175,,
simulation-estimated,baseline,3,11,office_1,normal,1,1,36.63,0.18,0,22.0,22.0,2.302,1.0,0.42,2.722,,
simulation-estimated,baseline,3,11,corridor_1,normal,0,0,36.63,0.18,0,22.0,22.0,2.3405,1.0,0.6,2.9405,,
simulation-estimated,baseline,3,11,or_1,critical,1,0,36.63,0.18,0,20.0,20.0,3.0605,1.0,0.3,3.3605,,
simulation-estimated,baseline,3,12,classroom_1,normal,0,1,38.89,0.32,1,22.0,22.0,2.8374,1.0,0.84,3.6774,,
simulation-estimated,baseline,3,12,classroom_2,normal,0,1,38.89,0.32,1,22.0,22.0,2.8374,1.0,0.84,3.6774,,
simulation-estimated,baseline,3,12,office_1,normal,0,1,38.89,0.32,1,22.0,22.0,2.2699,1.0,0.42,2.6899,,
simulation-estimated,baseline,3,12,corridor_1,normal,1,0,38.89,0.32,1,22.0,22.0,3.1022,1.0,0.6,3.7022,,
simulation-estimated,baseline,3,12,or_1,critical,1,0,38.89,0.32,1,20.0,20.0,3.4222,1.0,0.3,3.7222,,
simulation-estimated,baseline,3,13,classroom_1,normal,1,1,39.65,0.32,1,22.0,22.0,3.3846,1.0,0.84,4.2246,,
simulation-estimated,baseline,3,13,classroom_2,normal,0,1,39.65,0.32,1,22.0,22.0,2.9646,1.0,0.84,3.8046,,
simulation-estimated,baseline,3,13,office_1,normal,1,1,39.65,0.32,1,22.0,22.0,2.7077,1.0,0.42,3.1277,,
simulation-estimated,baseline,3,13,corridor_1,normal,0,0,39.65,0.32,1,22.0,22.0,2.8234,1.0,0.6,3.4234,,
simulation-estimated,baseline,3,13,or_1,critical,0,0,39.65,0.32,1,20.0,20.0,3.1434,1.0,0.3,3.4434,,
simulation-estimated,baseline,3,14,classroom_1,normal,1,1,41.0,0.32,1,22.0,22.0,3.6122,1.0,0.84,4.4522,,
simulation-estimated,baseline,3,14,classroom_2,normal,0,1,41.0,0.32,1,22.0,22.0,3.1922,1.0,0.84,4.0322,,
simulation-estimated,baseline,3,14,office_1,normal,1,1,41.0,0.32,1,22.0,22.0,2.8898,1.0,0.42,3.3098,,
simulation-estimated,baseline,3,14,corridor_1,normal,1,0,41.0,0.32,1,22.0,22.0,3.4402,1.0,0.6,4.0402,,
simulation-estimated,baseline,3,14,or_1,critical,1,0,41.0,0.32,1,20.0,20.0,3.7602,1.0,0.3,4.0602,,
simulation-estimated,baseline,3,15,classroom_1,normal,1,1,40.87,0.32,1,22.0,22.0,3.5903,1.0,0.84,4.4303,,
simulation-estimated,baseline,3,15,classroom_2,normal,1,1,40.87,0.32,1,22.0,22.0,3.5903,1.0,0.84,4.4303,,
simulation-estimated,baseline,3,15,office_1,normal,1,1,40.87,0.32,1,22.0,22.0,2.8722,1.0,0.42,3.2922,,
simulation-estimated,baseline,3,15,corridor_1,normal,0,0,40.87,0.32,1,22.0,22.0,3.0193,1.0,0.6,3.6193,,
simulation-estimated,baseline,3,15,or_1,critical,0,0,40.87,0.32,1,20.0,20.0,3.3393,1.0,0.3,3.6393,,
simulation-estimated,baseline,3,16,classroom_1,normal,0,1,40.61,0.32,1,22.0,22.0,3.1272,1.0,0.84,3.9672,,
simulation-estimated,baseline,3,16,classroom_2,normal,0,1,40.61,0.32,1,22.0,22.0,3.1272,1.0,0.84,3.9672,,
simulation-estimated,baseline,3,16,office_1,normal,1,1,40.61,0.32,1,22.0,22.0,2.8378,1.0,0.42,3.2578,,
simulation-estimated,baseline,3,16,corridor_1,normal,0,0,40.61,0.32,1,22.0,22.0,2.9783,1.0,0.6,3.5783,,
simulation-estimated,baseline,3,16,or_1,critical,0,0,40.61,0.32,1,20.0,20.0,3.2983,1.0,0.3,3.5983,,
simulation-estimated,baseline,3,17,classroom_1,normal,0,1,39.72,0.18,0,22.0,22.0,2.9765,1.0,0.84,3.8165,,
simulation-estimated,baseline,3,17,classroom_2,normal,0,1,39.72,0.18,0,22.0,22.0,2.9765,1.0,0.84,3.8165,,
simulation-estimated,baseline,3,17,office_1,normal,0,1,39.72,0.18,0,22.0,22.0,2.3812,1.0,0.42,2.8012,,
simulation-estimated,baseline,3,17,corridor_1,normal,0,0,39.72,0.18,0,22.0,22.0,2.8348,1.0,0.6,3.4348,,
simulation-estimated,baseline,3,17,or_1,critical,0,0,39.72,0.18,0,20.0,20.0,3.1548,1.0,0.3,3.4548,,
simulation-estimated,baseline,3,18,classroom_1,normal,0,0,38.85,0.18,0,26.0,26.0,1.6489,0.0,0.0,1.6489,,
simulation-estimated,baseline,3,18,classroom_2,normal,0,0,38.85,0.18,0,26.0,26.0,1.6489,0.0,0.0,1.6489,,
simulation-estimated,baseline,3,18,office_1,normal,0,0,38.85,0.18,0,26.0,26.0,0.0249,0.0,0.0,0.0249,,
simulation-estimated,baseline,3,18,corridor_1,normal,0,0,38.85,0.18,0,26.0,26.0,0.5037,0.0,0.0,0.5037,,
simulation-estimated,baseline,3,18,or_1,critical,0,0,38.85,0.18,0,20.0,20.0,3.0163,1.0,0.3,3.3163,,
simulation-estimated,baseline,3,19,classroom_1,normal,0,0,37.2,0.18,0,26.0,26.0,1.8816,0.0,0.0,1.8816,,
simulation-estimated,baseline,3,19,classroom_2,normal,0,0,37.2,0.18,0,26.0,26.0,1.8816,0.0,0.0,1.8816,,
simulation-estimated,baseline,3,19,office_1,normal,0,0,37.2,0.18,0,26.0,26.0,1.5053,0.0,0.0,1.5053,,
simulation-estimated,baseline,3,19,corridor_1,normal,0,0,37.2,0.18,0,26.0,26.0,1.792,0.0,0.0,1.792,,
simulation-estimated,baseline,3,19,or_1,critical,0,0,37.2,0.18,0,20.0,20.0,2.752,1.0,0.3,3.052,,
simulation-estimated,baseline,3,20,classroom_1,normal,0,0,34.81,0.18,0,26.0,26.0,1.4805,0.0,0.0,1.4805,,
simulation-estimated,baseline,3,20,classroom_2,normal,0,0,34.81,0.18,0,26.0,26.0,1.4805,0.0,0.0,1.4805,,
simulation-estimated,baseline,3,20,office_1,normal,0,0,34.81,0.18,0,26.0,26.0,1.1844,0.0,0.0,1.1844,,
simulation-estimated,baseline,3,20,corridor_1,normal,0,0,34.81,0.18,0,26.0,26.0,1.41,0.0,0.0,1.41,,
simulation-estimated,baseline,3,20,or_1,critical,0,0,34.81,0.18,0,20.0,20.0,2.37,1.0,0.3,2.67,,
simulation-estimated,baseline,3,21,classroom_1,normal,0,0,32.35,0.18,0,26.0,26.0,1.0675,0.0,0.0,1.0675,,
simulation-estimated,baseline,3,21,classroom_2,normal,0,0,32.35,0.18,0,26.0,26.0,1.0675,0.0,0.0,1.0675,,
simulation-estimated,baseline,3,21,office_1,normal,0,0,32.35,0.18,0,26.0,26.0,0.854,0.0,0.0,0.854,,
simulation-estimated,baseline,3,21,corridor_1,normal,0,0,32.35,0.18,0,26.0,26.0,1.0167,0.0,0.0,1.0167,,
simulation-estimated,baseline,3,21,or_1,critical,0,0,32.35,0.18,0,20.0,20.0,1.9767,1.0,0.3,2.2767,,
simulation-estimated,baseline,3,22,classroom_1,normal,0,0,30.66,0.18,0,26.0,26.0,0.7823,0.0,0.0,0.7823,,
simulation-estimated,baseline,3,22,classroom_2,normal,0,0,30.66,0.18,0,26.0,26.0,0.7823,0.0,0.0,0.7823,,
simulation-estimated,baseline,3,22,office_1,normal,0,0,30.66,0.18,0,26.0,26.0,0.6259,0.0,0.0,0.6259,,
simulation-estimated,baseline,3,22,corridor_1,normal,0,0,30.66,0.18,0,26.0,26.0,0.7451,0.0,0.0,0.7451,,
simulation-estimated,baseline,3,22,or_1,critical,0,0,30.66,0.18,0,20.0,20.0,1.7051,1.0,0.3,2.0051,,
simulation-estimated,baseline,3,23,classroom_1,normal,0,0,28.37,0.18,0,26.0,26.0,0.3978,0.0,0.0,0.3978,,
simulation-estimated,baseline,3,23,classroom_2,normal,0,0,28.37,0.18,0,26.0,26.0,0.3978,0.0,0.0,0.3978,,
simulation-estimated,baseline,3,23,office_1,normal,0,0,28.37,0.18,0,26.0,26.0,0.3183,0.0,0.0,0.3183,,
simulation-estimated,baseline,3,23,corridor_1,normal,0,0,28.37,0.18,0,26.0,26.0,0.3789,0.0,0.0,0.3789,,
simulation-estimated,baseline,3,23,or_1,critical,0,0,28.37,0.18,0,20.0,20.0,1.3389,1.0,0.3,1.6389,,
simulation-estimated,baseline,4,0,classroom_1,normal,0,0,28.5,0.18,0,26.0,26.0,0.4207,0.0,0.0,0.4207,,
simulation-estimated,baseline,4,0,classroom_2,normal,0,0,28.5,0.18,0,26.0,26.0,0.4207,0.0,0.0,0.4207,,
simulation-estimated,baseline,4,0,office_1,normal,0,0,28.5,0.18,0,26.0,26.0,0.3366,0.0,0.0,0.3366,,
simulation-estimated,baseline,4,0,corridor_1,normal,0,0,28.5,0.18,0,26.0,26.0,0.4007,0.0,0.0,0.4007,,
simulation-estimated,baseline,4,0,or_1,critical,1,0,28.5,0.18,0,20.0,20.0,1.7607,1.0,0.3,2.0607,,
simulation-estimated,baseline,4,1,classroom_1,normal,0,0,27.13,0.18,0,26.0,26.0,0.1897,0.0,0.0,0.1897,,
simulation-estimated,baseline,4,1,classroom_2,normal,0,0,27.13,0.18,0,26.0,26.0,0.1897,0.0,0.0,0.1897,,
simulation-estimated,baseline,4,1,office_1,normal,0,0,27.13,0.18,0,26.0,26.0,0.1517,0.0,0.0,0.1517,,
simulation-estimated,baseline,4,1,corridor_1,normal,0,0,27.13,0.18,0,26.0,26.0,0.1806,0.0,0.0,0.1806,,
simulation-estimated,baseline,4,1,or_1,critical,0,0,27.13,0.18,0,20.0,20.0,1.1406,1.0,0.3,1.4406,,
simulation-estimated,baseline,4,2,classroom_1,normal,0,0,26.16,0.18,0,26.0,26.0,0.0269,0.0,0.0,0.0269,,
simulation-estimated,baseline,4,2,classroom_2,normal,1,0,26.16,0.18,0,26.0,26.0,0.4469,0.0,0.0,0.4469,,
simulation-estimated,baseline,4,2,office_1,normal,0,0,26.16,0.18,0,26.0,26.0,0.0215,0.0,0.0,0.0215,,
simulation-estimated,baseline,4,2,corridor_1,normal,0,0,26.16,0.18,0,26.0,26.0,0.0256,0.0,0.0,0.0256,,
simulation-estimated,baseline,4,2,or_1,critical,0,0,26.16,0.18,0,20.0,20.0,0.9856,1.0,0.3,1.2856,,
simulation-estimated,baseline,4,3,classroom_1,normal,0,0,25.7,0.18,0,26.0,26.0,0.0504,0.0,0.0,0.0504,,
simulation-estimated,baseline,4,3,classroom_2,normal,0,0,25.7,0.18,0,26.0,26.0,0.0504,0.0,0.0,0.0504,,
simulation-estimated,baseline,4,3,office_1,normal,0,0,25.7,0.18,0,26.0,26.0,0.0403,0.0,0.0,0.0403,,
simulation-estimated,baseline,4,3,corridor_1,normal,0,0,25.7,0.18,0,26.0,26.0,0.048,0.0,0.0,0.048,,
simulation-estimated,baseline,4,3,or_1,critical,0,0,25.7,0.18,0,20.0,20.0,0.912,1.0,0.3,1.212,,
simulation-estimated,baseline,4,4,classroom_1,normal,0,0,25.67,0.18,0,26.0,26.0,0.0549,0.0,0.0,0.0549,,
simulation-estimated,baseline,4,4,classroom_2,normal,0,0,25.67,0.18,0,26.0,26.0,0.0549,0.0,0.0,0.0549,,
simulation-estimated,baseline,4,4,office_1,normal,0,0,25.67,0.18,0,26.0,26.0,0.0439,0.0,0.0,0.0439,,
simulation-estimated,baseline,4,4,corridor_1,normal,0,0,25.67,0.18,0,26.0,26.0,0.0522,0.0,0.0,0.0522,,
simulation-estimated,baseline,4,4,or_1,critical,0,0,25.67,0.18,0,20.0,20.0,0.9078,1.0,0.3,1.2078,,
simulation-estimated,baseline,4,5,classroom_1,normal,0,0,26.87,0.18,0,26.0,26.0,0.1467,0.0,0.0,0.1467,,
simulation-estimated,baseline,4,5,classroom_2,normal,0,0,26.87,0.18,0,26.0,26.0,0.1467,0.0,0.0,0.1467,,
simulation-estimated,baseline,4,5,office_1,normal,0,0,26.87,0.18,0,26.0,26.0,0.1173,0.0,0.0,0.1173,,
simulation-estimated,baseline,4,5,corridor_1,normal,0,0,26.87,0.18,0,26.0,26.0,0.1397,0.0,0.0,0.1397,,
simulation-estimated,baseline,4,5,or_1,critical,0,0,26.87,0.18,0,20.0,20.0,1.0997,1.0,0.3,1.3997,,
simulation-estimated,baseline,4,6,classroom_1,normal,0,1,28.0,0.18,0,26.0,26.0,0.336,0.0,0.0,0.336,,
simulation-estimated,baseline,4,6,classroom_2,normal,0,1,28.0,0.18,0,26.0,26.0,0.336,0.0,0.0,0.336,,
simulation-estimated,baseline,4,6,office_1,normal,0,1,28.0,0.18,0,26.0,26.0,0.2688,0.0,0.0,0.2688,,
simulation-estimated,baseline,4,6,corridor_1,normal,0,0,28.0,0.18,0,26.0,26.0,0.32,0.0,0.0,0.32,,
simulation-estimated,baseline,4,6,or_1,critical,0,0,28.0,0.18,0,20.0,20.0,1.28,1.0,0.3,1.58,,
simulation-estimated,baseline,4,7,classroom_1,normal,1,1,29.71,0.18,0,22.0,22.0,5.5229,1.0,0.84,6.3629,,
simulation-estimated,baseline,4,7,classroom_2,normal,1,1,29.71,0.18,0,22.0,22.0,5.5229,1.0,0.84,6.3629,,
simulation-estimated,baseline,4,7,office_1,normal,0,1,29.71,0.18,0,22.0,22.0,2.7383,1.0,0.42,3.1583,,
simulation-estimated,baseline,4,7,corridor_1,normal,0,0,29.71,0.18,0,22.0,22.0,3.7932,1.0,0.6,4.3932,,
simulation-estimated,baseline,4,7,or_1,critical,0,0,29.71,0.18,0,20.0,20.0,1.5532,1.0,0.3,1.8532,,
simulation-estimated,baseline,4,8,classroom_1,normal,1,1,31.84,0.18,0,22.0,22.0,2.0724,1.0,0.84,2.9124,,
simulation-estimated,baseline,4,8,classroom_2,normal,1,1,31.84,0.18,0,22.0,22.0,2.0724,1.0,0.84,2.9124,,
simulation-estimated,baseline,4,8,office_1,normal,1,1,31.84,0.18,0,22.0,22.0,1.6579,1.0,0.42,2.0779,,
simulation-estimated,baseline,4,8,corridor_1,normal,1,0,31.84,0.18,0,22.0,22.0,1.9737,1.0,0.6,2.5737,,
simulation-estimated,baseline,4,8,or_1,critical,1,0,31.84,0.18,0,20.0,20.0,2.2937,1.0,0.3,2.5937,,
simulation-estimated,baseline,4,9,classroom_1,normal,1,1,34.24,0.18,0,22.0,22.0,2.4758,1.0,0.84,3.3158,,
simulation-estimated,baseline,4,9,classroom_2,normal,0,1,34.24,0.18,0,22.0,22.0,2.0558,1.0,0.84,2.8958,,
simulation-estimated,baseline,4,9,office_1,normal,1,1,34.24,0.18,0,22.0,22.0,1.9806,1.0,0.42,2.4006,,
simulation-estimated,baseline,4,9,corridor_1,normal,0,0,34.24,0.18,0,22.0,22.0,1.9579,1.0,0.6,2.5579,,
simulation-estimated,baseline,4,9,or_1,critical,1,0,34.24,0.18,0,20.0,20.0,2.6779,1.0,0.3,2.9779,,
simulation-estimated,baseline,4,10,classroom_1,normal,1,1,36.7,0.18,0,22.0,22.0,2.8903,1.0,0.84,3.7303,,
simulation-estimated,baseline,4,10,classroom_2,normal,1,1,36.7,0.18,0,22.0,22.0,2.8903,1.0,0.84,3.7303,,
simulation-estimated,baseline,4,10,office_1,normal,1,1,36.7,0.18,0,22.0,22.0,2.3122,1.0,0.42,2.7322,,
simulation-estimated,baseline,4,10,corridor_1,normal,0,0,36.7,0.18,0,22.0,22.0,2.3527,1.0,0.6,2.9527,,
simulation-estimated,baseline,4,10,or_1,critical,1,0,36.7,0.18,0,20.0,20.0,3.0727,1.0,0.3,3.3727,,
simulation-estimated,baseline,4,11,classroom_1,normal,1,1,38.21,0.18,0,22.0,22.0,3.1428,1.0,0.84,3.9828,,
simulation-estimated,baseline,4,11,classroom_2,normal,1,1,38.21,0.18,0,22.0,22.0,3.1428,1.0,0.84,3.9828,,
simulation-estimated,baseline,4,11,office_1,normal,1,1,38.21,0.18,0,22.0,22.0,2.5142,1.0,0.42,2.9342,,
simulation-estimated,baseline,4,11,corridor_1,normal,0,0,38.21,0.18,0,22.0,22.0,2.5931,1.0,0.6,3.1931,,
simulation-estimated,baseline,4,11,or_1,critical,1,0,38.21,0.18,0,20.0,20.0,3.3131,1.0,0.3,3.6131,,
simulation-estimated,baseline,4,12,classroom_1,normal,0,1,39.88,0.32,1,22.0,22.0,3.0037,1.0,0.84,3.8437,,
simulation-estimated,baseline,4,12,classroom_2,normal,1,1,39.88,0.32,1,22.0,22.0,3.4237,1.0,0.84,4.2637,,
simulation-estimated,baseline,4,12,office_1,normal,1,1,39.88,0.32,1,22.0,22.0,2.7389,1.0,0.42,3.1589,,
simulation-estimated,baseline,4,12,corridor_1,normal,1,0,39.88,0.32,1,22.0,22.0,3.2607,1.0,0.6,3.8607,,
simulation-estimated,baseline,4,12,or_1,critical,1,0,39.88,0.32,1,20.0,20.0,3.5807,1.0,0.3,3.8807,,
simulation-estimated,baseline,4,13,classroom_1,normal,1,1,41.97,0.32,1,22.0,22.0,3.7742,1.0,0.84,4.6142,,
simulation-estimated,baseline,4,13,classroom_2,normal,1,1,41.97,0.32,1,22.0,22.0,3.7742,1.0,0.84,4.6142,,
simulation-estimated,baseline,4,13,office_1,normal,1,1,41.97,0.32,1,22.0,22.0,3.0194,1.0,0.42,3.4394,,
simulation-estimated,baseline,4,13,corridor_1,normal,0,0,41.97,0.32,1,22.0,22.0,3.1945,1.0,0.6,3.7945,,
simulation-estimated,baseline,4,13,or_1,critical,1,0,41.97,0.32,1,20.0,20.0,3.9145,1.0,0.3,4.2145,,
simulation-estimated,baseline,4,14,classroom_1,normal,1,1,42.44,0.32,1,22.0,22.0,3.8536,1.0,0.84,4.6936,,
simulation-estimated,baseline,4,14,classroom_2,normal,1,1,42.44,0.32,1,22.0,22.0,3.8536,1.0,0.84,4.6936,,
simulation-estimated,baseline,4,14,office_1,normal,0,1,42.44,0.32,1,22.0,22.0,2.7468,1.0,0.42,3.1668,,
simulation-estimated,baseline,4,14,corridor_1,normal,0,0,42.44,0.32,1,22.0,22.0,3.2701,1.0,0.6,3.8701,,
simulation-estimated,baseline,4,14,or_1,critical,1,0,42.44,0.32,1,20.0,20.0,3.9901,1.0,0.3,4.2901,,
simulation-estimated,baseline,4,15,classroom_1,normal,1,1,42.81,0.32,1,22.0,22.0,3.9154,1.0,0.84,4.7554,,
simulation-estimated,baseline,4,15,classroom_2,normal,1,1,42.81,0.32,1,22.0,22.0,3.9154,1.0,0.84,4.7554,,
simulation-estimated,baseline,4,15,office_1,normal,0,1,42.81,0.32,1,22.0,22.0,2.7964,1.0,0.42,3.2164,,
simulation-estimated,baseline,4,15,corridor_1,normal,0,0,42.81,0.32,1,22.0,22.0,3.329,1.0,0.6,3.929,,
simulation-estimated,baseline,4,15,or_1,critical,1,0,42.81,0.32,1,20.0,20.0,4.049,1.0,0.3,4.349,,
simulation-estimated,baseline,4,16,classroom_1,normal,1,1,42.55,0.32,1,22.0,22.0,3.8721,1.0,0.84,4.7121,,
simulation-estimated,baseline,4,16,classroom_2,normal,1,1,42.55,0.32,1,22.0,22.0,3.8721,1.0,0.84,4.7121,,
simulation-estimated,baseline,4,16,office_1,normal,1,1,42.55,0.32,1,22.0,22.0,3.0977,1.0,0.42,3.5177,,
simulation-estimated,baseline,4,16,corridor_1,normal,1,0,42.55,0.32,1,22.0,22.0,3.6877,1.0,0.6,4.2877,,
simulation-estimated,baseline,4,16,or_1,critical,0,0,42.55,0.32,1,20.0,20.0,3.6077,1.0,0.3,3.9077,,
simulation-estimated,baseline,4,17,classroom_1,normal,0,1,41.65,0.18,0,22.0,22.0,3.3005,1.0,0.84,4.1405,,
simulation-estimated,baseline,4,17,classroom_2,normal,0,1,41.65,0.18,0,22.0,22.0,3.3005,1.0,0.84,4.1405,,
simulation-estimated,baseline,4,17,office_1,normal,0,1,41.65,0.18,0,22.0,22.0,2.6404,1.0,0.42,3.0604,,
simulation-estimated,baseline,4,17,corridor_1,normal,0,0,41.65,0.18,0,22.0,22.0,3.1433,1.0,0.6,3.7433,,
simulation-estimated,baseline,4,17,or_1,critical,0,0,41.65,0.18,0,20.0,20.0,3.4633,1.0,0.3,3.7633,,
simulation-estimated,baseline,4,18,classroom_1,normal,0,0,40.37,0.18,0,26.0,26.0,1.3939,0.0,0.0,1.3939,,
simulation-estimated,baseline,4,18,classroom_2,normal,0,0,40.37,0.18,0,26.0,26.0,1.3939,0.0,0.0,1.3939,,
simulation-estimated,baseline,4,18,office_1,normal,0,0,40.37,0.18,0,26.0,26.0,0.2289,0.0,0.0,0.2289,,
simulation-estimated,baseline,4,18,corridor_1,normal,0,0,40.37,0.18,0,26.0,26.0,0.2608,0.0,0.0,0.2608,,
simulation-estimated,baseline,4,18,or_1,critical,0,0,40.37,0.18,0,20.0,20.0,3.2592,1.0,0.3,3.5592,,
simulation-estimated,baseline,4,19,classroom_1,normal,0,0,38.4,0.18,0,26.0,26.0,2.0831,0.0,0.0,2.0831,,
simulation-estimated,baseline,4,19,classroom_2,normal,0,0,38.4,0.18,0,26.0,26.0,2.0831,0.0,0.0,2.0831,,
simulation-estimated,baseline,4,19,office_1,normal,0,0,38.4,0.18,0,26.0,26.0,1.6665,0.0,0.0,1.6665,,
simulation-estimated,baseline,4,19,corridor_1,normal,0,0,38.4,0.18,0,26.0,26.0,1.9839,0.0,0.0,1.9839,,
simulation-estimated,baseline,4,19,or_1,critical,0,0,38.4,0.18,0,20.0,20.0,2.9439,1.0,0.3,3.2439,,
simulation-estimated,baseline,4,20,classroom_1,normal,0,0,36.14,0.18,0,26.0,26.0,1.7039,0.0,0.0,1.7039,,
simulation-estimated,baseline,4,20,classroom_2,normal,0,0,36.14,0.18,0,26.0,26.0,1.7039,0.0,0.0,1.7039,,
simulation-estimated,baseline,4,20,office_1,normal,0,0,36.14,0.18,0,26.0,26.0,1.3631,0.0,0.0,1.3631,,
simulation-estimated,baseline,4,20,corridor_1,normal,0,0,36.14,0.18,0,26.0,26.0,1.6227,0.0,0.0,1.6227,,
simulation-estimated,baseline,4,20,or_1,critical,0,0,36.14,0.18,0,20.0,20.0,2.5827,1.0,0.3,2.8827,,
simulation-estimated,baseline,4,21,classroom_1,normal,0,0,34.36,0.18,0,26.0,26.0,1.4045,0.0,0.0,1.4045,,
simulation-estimated,baseline,4,21,classroom_2,normal,0,0,34.36,0.18,0,26.0,26.0,1.4045,0.0,0.0,1.4045,,
simulation-estimated,baseline,4,21,office_1,normal,0,0,34.36,0.18,0,26.0,26.0,1.1236,0.0,0.0,1.1236,,
simulation-estimated,baseline,4,21,corridor_1,normal,0,0,34.36,0.18,0,26.0,26.0,1.3377,0.0,0.0,1.3377,,
simulation-estimated,baseline,4,21,or_1,critical,0,0,34.36,0.18,0,20.0,20.0,2.2977,1.0,0.3,2.5977,,
simulation-estimated,baseline,4,22,classroom_1,normal,0,0,31.64,0.18,0,26.0,26.0,0.9477,0.0,0.0,0.9477,,
simulation-estimated,baseline,4,22,classroom_2,normal,0,0,31.64,0.18,0,26.0,26.0,0.9477,0.0,0.0,0.9477,,
simulation-estimated,baseline,4,22,office_1,normal,0,0,31.64,0.18,0,26.0,26.0,0.7582,0.0,0.0,0.7582,,
simulation-estimated,baseline,4,22,corridor_1,normal,0,0,31.64,0.18,0,26.0,26.0,0.9026,0.0,0.0,0.9026,,
simulation-estimated,baseline,4,22,or_1,critical,0,0,31.64,0.18,0,20.0,20.0,1.8626,1.0,0.3,2.1626,,
simulation-estimated,baseline,4,23,classroom_1,normal,0,0,30.23,0.18,0,26.0,26.0,0.7103,0.0,0.0,0.7103,,
simulation-estimated,baseline,4,23,classroom_2,normal,0,0,30.23,0.18,0,26.0,26.0,0.7103,0.0,0.0,0.7103,,
simulation-estimated,baseline,4,23,office_1,normal,0,0,30.23,0.18,0,26.0,26.0,0.5683,0.0,0.0,0.5683,,
simulation-estimated,baseline,4,23,corridor_1,normal,0,0,30.23,0.18,0,26.0,26.0,0.6765,0.0,0.0,0.6765,,
simulation-estimated,baseline,4,23,or_1,critical,0,0,30.23,0.18,0,20.0,20.0,1.6365,1.0,0.3,1.9365,,
simulation-estimated,baseline,5,0,classroom_1,normal,0,0,27.65,0.18,0,26.0,26.0,0.2775,0.0,0.0,0.2775,,
simulation-estimated,baseline,5,0,classroom_2,normal,0,0,27.65,0.18,0,26.0,26.0,0.2775,0.0,0.0,0.2775,,
simulation-estimated,baseline,5,0,office_1,normal,0,0,27.65,0.18,0,26.0,26.0,0.222,0.0,0.0,0.222,,
simulation-estimated,baseline,5,0,corridor_1,normal,0,0,27.65,0.18,0,26.0,26.0,0.2643,0.0,0.0,0.2643,,
simulation-estimated,baseline,5,0,or_1,critical,0,0,27.65,0.18,0,20.0,20.0,1.2243,1.0,0.3,1.5243,,
simulation-estimated,baseline,5,1,classroom_1,normal,0,0,26.74,0.18,0,26.0,26.0,0.1238,0.0,0.0,0.1238,,
simulation-estimated,baseline,5,1,classroom_2,normal,0,0,26.74,0.18,0,26.0,26.0,0.1238,0.0,0.0,0.1238,,
simulation-estimated,baseline,5,1,office_1,normal,0,0,26.74,0.18,0,26.0,26.0,0.0991,0.0,0.0,0.0991,,
simulation-estimated,baseline,5,1,corridor_1,normal,0,0,26.74,0.18,0,26.0,26.0,0.1179,0.0,0.0,0.1179,,
simulation-estimated,baseline,5,1,or_1,critical,0,0,26.74,0.18,0,20.0,20.0,1.0779,1.0,0.3,1.3779,,
simulation-estimated,baseline,5,2,classroom_1,normal,0,0,25.96,0.18,0,26.0,26.0,0.0074,0.0,0.0,0.0074,,
simulation-estimated,baseline,5,2,classroom_2,normal,0,0,25.96,0.18,0,26.0,26.0,0.0074,0.0,0.0,0.0074,,
simulation-estimated,baseline,5,2,office_1,normal,0,0,25.96,0.18,0,26.0,26.0,0.0059,0.0,0.0,0.0059,,
simulation-estimated,baseline,5,2,corridor_1,normal,0,0,25.96,0.18,0,26.0,26.0,0.0071,0.0,0.0,0.0071,,
simulation-estimated,baseline,5,2,or_1,critical,0,0,25.96,0.18,0,20.0,20.0,0.9529,1.0,0.3,1.2529,,
simulation-estimated,baseline,5,3,classroom_1,normal,0,0,25.78,0.18,0,26.0,26.0,0.0368,0.0,0.0,0.0368,,
simulation-estimated,baseline,5,3,classroom_2,normal,0,0,25.78,0.18,0,26.0,26.0,0.0368,0.0,0.0,0.0368,,
simulation-estimated,baseline,5,3,office_1,normal,0,0,25.78,0.18,0,26.0,26.0,0.0294,0.0,0.0,0.0294,,
simulation-estimated,baseline,5,3,corridor_1,normal,0,0,25.78,0.18,0,26.0,26.0,0.035,0.0,0.0,0.035,,
simulation-estimated,baseline,5,3,or_1,critical,0,0,25.78,0.18,0,20.0,20.0,0.925,1.0,0.3,1.225,,
simulation-estimated,baseline,5,4,classroom_1,normal,0,0,25.74,0.18,0,26.0,26.0,0.0432,0.0,0.0,0.0432,,
simulation-estimated,baseline,5,4,classroom_2,normal,0,0,25.74,0.18,0,26.0,26.0,0.0432,0.0,0.0,0.0432,,
simulation-estimated,baseline,5,4,office_1,normal,0,0,25.74,0.18,0,26.0,26.0,0.0345,0.0,0.0,0.0345,,
simulation-estimated,baseline,5,4,corridor_1,normal,0,0,25.74,0.18,0,26.0,26.0,0.0411,0.0,0.0,0.0411,,
simulation-estimated,baseline,5,4,or_1,critical,0,0,25.74,0.18,0,20.0,20.0,0.9189,1.0,0.3,1.2189,,
simulation-estimated,baseline,5,5,classroom_1,normal,0,0,26.42,0.18,0,26.0,26.0,0.0704,0.0,0.0,0.0704,,
simulation-estimated,baseline,5,5,classroom_2,normal,0,0,26.42,0.18,0,26.0,26.0,0.0704,0.0,0.0,0.0704,,
simulation-estimated,baseline,5,5,office_1,normal,0,0,26.42,0.18,0,26.0,26.0,0.0563,0.0,0.0,0.0563,,
simulation-estimated,baseline,5,5,corridor_1,normal,0,0,26.42,0.18,0,26.0,26.0,0.067,0.0,0.0,0.067,,
simulation-estimated,baseline,5,5,or_1,critical,0,0,26.42,0.18,0,20.0,20.0,1.027,1.0,0.3,1.327,,
simulation-estimated,baseline,5,6,classroom_1,normal,0,1,28.06,0.18,0,26.0,26.0,0.3459,0.0,0.0,0.3459,,
simulation-estimated,baseline,5,6,classroom_2,normal,0,1,28.06,0.18,0,26.0,26.0,0.3459,0.0,0.0,0.3459,,
simulation-estimated,baseline,5,6,office_1,normal,0,1,28.06,0.18,0,26.0,26.0,0.2767,0.0,0.0,0.2767,,
simulation-estimated,baseline,5,6,corridor_1,normal,0,0,28.06,0.18,0,26.0,26.0,0.3295,0.0,0.0,0.3295,,
simulation-estimated,baseline,5,6,or_1,critical,0,0,28.06,0.18,0,20.0,20.0,1.2895,1.0,0.3,1.5895,,
simulation-estimated,baseline,5,7,classroom_1,normal,0,1,29.87,0.18,0,26.0,26.0,0.6497,0.0,0.0,0.6497,,
simulation-estimated,baseline,5,7,classroom_2,normal,0,1,29.87,0.18,0,26.0,26.0,0.6497,0.0,0.0,0.6497,,
simulation-estimated,baseline,5,7,office_1,normal,0,1,29.87,0.18,0,26.0,26.0,0.5198,0.0,0.0,0.5198,,
simulation-estimated,baseline,5,7,corridor_1,normal,0,0,29.87,0.18,0,26.0,26.0,0.6188,0.0,0.0,0.6188,,
simulation-estimated,baseline,5,7,or_1,critical,1,0,29.87,0.18,0,20.0,20.0,1.9788,1.0,0.3,2.2788,,
simulation-estimated,baseline,5,8,classroom_1,normal,0,1,32.22,0.18,0,26.0,26.0,1.0456,0.0,0.0,1.0456,,
simulation-estimated,baseline,5,8,classroom_2,normal,0,1,32.22,0.18,0,26.0,26.0,1.0456,0.0,0.0,1.0456,,
simulation-estimated,baseline,5,8,office_1,normal,0,1,32.22,0.18,0,26.0,26.0,0.8365,0.0,0.0,0.8365,,
simulation-estimated,baseline,5,8,corridor_1,normal,0,0,32.22,0.18,0,26.0,26.0,0.9958,0.0,0.0,0.9958,,
simulation-estimated,baseline,5,8,or_1,critical,0,0,32.22,0.18,0,20.0,20.0,1.9558,1.0,0.3,2.2558,,
simulation-estimated,baseline,5,9,classroom_1,normal,0,1,34.2,0.18,0,26.0,26.0,1.3782,0.0,0.0,1.3782,,
simulation-estimated,baseline,5,9,classroom_2,normal,0,1,34.2,0.18,0,26.0,26.0,1.3782,0.0,0.0,1.3782,,
simulation-estimated,baseline,5,9,office_1,normal,0,1,34.2,0.18,0,26.0,26.0,1.1025,0.0,0.0,1.1025,,
simulation-estimated,baseline,5,9,corridor_1,normal,0,0,34.2,0.18,0,26.0,26.0,1.3125,0.0,0.0,1.3125,,
simulation-estimated,baseline,5,9,or_1,critical,0,0,34.2,0.18,0,20.0,20.0,2.2725,1.0,0.3,2.5725,,
simulation-estimated,baseline,5,10,classroom_1,normal,0,1,36.27,0.18,0,26.0,26.0,1.7255,0.0,0.0,1.7255,,
simulation-estimated,baseline,5,10,classroom_2,normal,0,1,36.27,0.18,0,26.0,26.0,1.7255,0.0,0.0,1.7255,,
simulation-estimated,baseline,5,10,office_1,normal,0,1,36.27,0.18,0,26.0,26.0,1.3804,0.0,0.0,1.3804,,
simulation-estimated,baseline,5,10,corridor_1,normal,0,0,36.27,0.18,0,26.0,26.0,1.6434,0.0,0.0,1.6434,,
simulation-estimated,baseline,5,10,or_1,critical,0,0,36.27,0.18,0,20.0,20.0,2.6034,1.0,0.3,2.9034,,
simulation-estimated,baseline,5,11,classroom_1,normal,0,1,38.1,0.18,0,26.0,26.0,2.033,0.0,0.0,2.033,,
simulation-estimated,baseline,5,11,classroom_2,normal,0,1,38.1,0.18,0,26.0,26.0,2.033,0.0,0.0,2.033,,
simulation-estimated,baseline,5,11,office_1,normal,0,1,38.1,0.18,0,26.0,26.0,1.6264,0.0,0.0,1.6264,,
simulation-estimated,baseline,5,11,corridor_1,normal,0,0,38.1,0.18,0,26.0,26.0,1.9362,0.0,0.0,1.9362,,
simulation-estimated,baseline,5,11,or_1,critical,0,0,38.1,0.18,0,20.0,20.0,2.8962,1.0,0.3,3.1962,,
simulation-estimated,baseline,5,12,classroom_1,normal,0,1,39.87,0.32,1,26.0,26.0,2.3296,0.0,0.0,2.3296,,
simulation-estimated,baseline,5,12,classroom_2,normal,0,1,39.87,0.32,1,26.0,26.0,2.3296,0.0,0.0,2.3296,,
simulation-estimated,baseline,5,12,office_1,normal,0,1,39.87,0.32,1,26.0,26.0,1.8637,0.0,0.0,1.8637,,
simulation-estimated,baseline,5,12,corridor_1,normal,0,0,39.87,0.32,1,26.0,26.0,2.2187,0.0,0.0,2.2187,,
simulation-estimated,baseline,5,12,or_1,critical,0,0,39.87,0.32,1,20.0,20.0,3.1787,1.0,0.3,3.4787,,
simulation-estimated,baseline,5,13,classroom_1,normal,0,1,41.42,0.32,1,26.0,26.0,2.5909,0.0,0.0,2.5909,,
simulation-estimated,baseline,5,13,classroom_2,normal,0,1,41.42,0.32,1,26.0,26.0,2.5909,0.0,0.0,2.5909,,
simulation-estimated,baseline,5,13,office_1,normal,0,1,41.42,0.32,1,26.0,26.0,2.0727,0.0,0.0,2.0727,,
simulation-estimated,baseline,5,13,corridor_1,normal,0,0,41.42,0.32,1,26.0,26.0,2.4675,0.0,0.0,2.4675,,
simulation-estimated,baseline,5,13,or_1,critical,0,0,41.42,0.32,1,20.0,20.0,3.4275,1.0,0.3,3.7275,,
simulation-estimated,baseline,5,14,classroom_1,normal,0,1,41.99,0.32,1,26.0,26.0,2.6866,0.0,0.0,2.6866,,
simulation-estimated,baseline,5,14,classroom_2,normal,0,1,41.99,0.32,1,26.0,26.0,2.6866,0.0,0.0,2.6866,,
simulation-estimated,baseline,5,14,office_1,normal,0,1,41.99,0.32,1,26.0,26.0,2.1492,0.0,0.0,2.1492,,
simulation-estimated,baseline,5,14,corridor_1,normal,0,0,41.99,0.32,1,26.0,26.0,2.5586,0.0,0.0,2.5586,,
simulation-estimated,baseline,5,14,or_1,critical,1,0,41.99,0.32,1,20.0,20.0,3.9186,1.0,0.3,4.2186,,
simulation-estimated,baseline,5,15,classroom_1,normal,0,1,42.73,0.32,1,26.0,26.0,2.8099,0.0,0.0,2.8099,,
simulation-estimated,baseline,5,15,classroom_2,normal,0,1,42.73,0.32,1,26.0,26.0,2.8099,0.0,0.0,2.8099,,
simulation-estimated,baseline,5,15,office_1,normal,0,1,42.73,0.32,1,26.0,26.0,2.248,0.0,0.0,2.248,,
simulation-estimated,baseline,5,15,corridor_1,normal,0,0,42.73,0.32,1,26.0,26.0,2.6761,0.0,0.0,2.6761,,
simulation-estimated,baseline,5,15,or_1,critical,0,0,42.73,0.32,1,20.0,20.0,3.6361,1.0,0.3,3.9361,,
simulation-estimated,baseline,5,16,classroom_1,normal,0,1,42.63,0.32,1,26.0,26.0,2.793,0.0,0.0,2.793,,
simulation-estimated,baseline,5,16,classroom_2,normal,0,1,42.63,0.32,1,26.0,26.0,2.793,0.0,0.0,2.793,,
simulation-estimated,baseline,5,16,office_1,normal,0,1,42.63,0.32,1,26.0,26.0,2.2344,0.0,0.0,2.2344,,
simulation-estimated,baseline,5,16,corridor_1,normal,0,0,42.63,0.32,1,26.0,26.0,2.66,0.0,0.0,2.66,,
simulation-estimated,baseline,5,16,or_1,critical,0,0,42.63,0.32,1,20.0,20.0,3.62,1.0,0.3,3.92,,
simulation-estimated,baseline,5,17,classroom_1,normal,0,1,41.69,0.18,0,26.0,26.0,2.636,0.0,0.0,2.636,,
simulation-estimated,baseline,5,17,classroom_2,normal,0,1,41.69,0.18,0,26.0,26.0,2.636,0.0,0.0,2.636,,
simulation-estimated,baseline,5,17,office_1,normal,0,1,41.69,0.18,0,26.0,26.0,2.1088,0.0,0.0,2.1088,,
simulation-estimated,baseline,5,17,corridor_1,normal,0,0,41.69,0.18,0,26.0,26.0,2.5105,0.0,0.0,2.5105,,
simulation-estimated,baseline,5,17,or_1,critical,0,0,41.69,0.18,0,20.0,20.0,3.4705,1.0,0.3,3.7705,,
simulation-estimated,baseline,5,18,classroom_1,normal,0,0,40.16,0.18,0,26.0,26.0,2.3796,0.0,0.0,2.3796,,
simulation-estimated,baseline,5,18,classroom_2,normal,0,0,40.16,0.18,0,26.0,26.0,2.3796,0.0,0.0,2.3796,,
simulation-estimated,baseline,5,18,office_1,normal,0,0,40.16,0.18,0,26.0,26.0,1.9037,0.0,0.0,1.9037,,
simulation-estimated,baseline,5,18,corridor_1,normal,0,0,40.16,0.18,0,26.0,26.0,2.2663,0.0,0.0,2.2663,,
simulation-estimated,baseline,5,18,or_1,critical,0,0,40.16,0.18,0,20.0,20.0,3.2263,1.0,0.3,3.5263,,
simulation-estimated,baseline,5,19,classroom_1,normal,0,0,38.4,0.18,0,26.0,26.0,2.0832,0.0,0.0,2.0832,,
simulation-estimated,baseline,5,19,classroom_2,normal,0,0,38.4,0.18,0,26.0,26.0,2.0832,0.0,0.0,2.0832,,
simulation-estimated,baseline,5,19,office_1,normal,0,0,38.4,0.18,0,26.0,26.0,1.6666,0.0,0.0,1.6666,,
simulation-estimated,baseline,5,19,corridor_1,normal,0,0,38.4,0.18,0,26.0,26.0,1.984,0.0,0.0,1.984,,
simulation-estimated,baseline,5,19,or_1,critical,0,0,38.4,0.18,0,20.0,20.0,2.944,1.0,0.3,3.244,,
simulation-estimated,baseline,5,20,classroom_1,normal,0,0,36.41,0.18,0,26.0,26.0,1.748,0.0,0.0,1.748,,
simulation-estimated,baseline,5,20,classroom_2,normal,0,0,36.41,0.18,0,26.0,26.0,1.748,0.0,0.0,1.748,,
simulation-estimated,baseline,5,20,office_1,normal,0,0,36.41,0.18,0,26.0,26.0,1.3984,0.0,0.0,1.3984,,
simulation-estimated,baseline,5,20,corridor_1,normal,0,0,36.41,0.18,0,26.0,26.0,1.6648,0.0,0.0,1.6648,,
simulation-estimated,baseline,5,20,or_1,critical,0,0,36.41,0.18,0,20.0,20.0,2.6248,1.0,0.3,2.9248,,
simulation-estimated,baseline,5,21,classroom_1,normal,0,0,34.37,0.18,0,26.0,26.0,1.4056,0.0,0.0,1.4056,,
simulation-estimated,baseline,5,21,classroom_2,normal,0,0,34.37,0.18,0,26.0,26.0,1.4056,0.0,0.0,1.4056,,
simulation-estimated,baseline,5,21,office_1,normal,0,0,34.37,0.18,0,26.0,26.0,1.1245,0.0,0.0,1.1245,,
simulation-estimated,baseline,5,21,corridor_1,normal,0,0,34.37,0.18,0,26.0,26.0,1.3387,0.0,0.0,1.3387,,
simulation-estimated,baseline,5,21,or_1,critical,0,0,34.37,0.18,0,20.0,20.0,2.2987,1.0,0.3,2.5987,,
simulation-estimated,baseline,5,22,classroom_1,normal,0,0,32.13,0.18,0,26.0,26.0,1.0295,0.0,0.0,1.0295,,
simulation-estimated,baseline,5,22,classroom_2,normal,0,0,32.13,0.18,0,26.0,26.0,1.0295,0.0,0.0,1.0295,,
simulation-estimated,baseline,5,22,office_1,normal,0,0,32.13,0.18,0,26.0,26.0,0.8236,0.0,0.0,0.8236,,
simulation-estimated,baseline,5,22,corridor_1,normal,0,0,32.13,0.18,0,26.0,26.0,0.9805,0.0,0.0,0.9805,,
simulation-estimated,baseline,5,22,or_1,critical,0,0,32.13,0.18,0,20.0,20.0,1.9405,1.0,0.3,2.2405,,
simulation-estimated,baseline,5,23,classroom_1,normal,0,0,29.61,0.18,0,26.0,26.0,0.6073,0.0,0.0,0.6073,,
simulation-estimated,baseline,5,23,classroom_2,normal,0,0,29.61,0.18,0,26.0,26.0,0.6073,0.0,0.0,0.6073,,
simulation-estimated,baseline,5,23,office_1,normal,0,0,29.61,0.18,0,26.0,26.0,0.4858,0.0,0.0,0.4858,,
simulation-estimated,baseline,5,23,corridor_1,normal,0,0,29.61,0.18,0,26.0,26.0,0.5784,0.0,0.0,0.5784,,
simulation-estimated,baseline,5,23,or_1,critical,0,0,29.61,0.18,0,20.0,20.0,1.5384,1.0,0.3,1.8384,,
simulation-estimated,baseline,6,0,classroom_1,normal,0,0,28.4,0.18,0,26.0,26.0,0.4036,0.0,0.0,0.4036,,
simulation-estimated,baseline,6,0,classroom_2,normal,0,0,28.4,0.18,0,26.0,26.0,0.4036,0.0,0.0,0.4036,,
simulation-estimated,baseline,6,0,office_1,normal,0,0,28.4,0.18,0,26.0,26.0,0.3228,0.0,0.0,0.3228,,
simulation-estimated,baseline,6,0,corridor_1,normal,0,0,28.4,0.18,0,26.0,26.0,0.3843,0.0,0.0,0.3843,,
simulation-estimated,baseline,6,0,or_1,critical,0,0,28.4,0.18,0,20.0,20.0,1.3443,1.0,0.3,1.6443,,
simulation-estimated,baseline,6,1,classroom_1,normal,0,0,27.03,0.18,0,26.0,26.0,0.173,0.0,0.0,0.173,,
simulation-estimated,baseline,6,1,classroom_2,normal,0,0,27.03,0.18,0,26.0,26.0,0.173,0.0,0.0,0.173,,
simulation-estimated,baseline,6,1,office_1,normal,0,0,27.03,0.18,0,26.0,26.0,0.1384,0.0,0.0,0.1384,,
simulation-estimated,baseline,6,1,corridor_1,normal,1,0,27.03,0.18,0,26.0,26.0,0.5648,0.0,0.0,0.5648,,
simulation-estimated,baseline,6,1,or_1,critical,0,0,27.03,0.18,0,20.0,20.0,1.1248,1.0,0.3,1.4248,,
simulation-estimated,baseline,6,2,classroom_1,normal,0,0,26.79,0.18,0,26.0,26.0,0.1322,0.0,0.0,0.1322,,
simulation-estimated,baseline,6,2,classroom_2,normal,0,0,26.79,0.18,0,26.0,26.0,0.1322,0.0,0.0,0.1322,,
simulation-estimated,baseline,6,2,office_1,normal,0,0,26.79,0.18,0,26.0,26.0,0.1058,0.0,0.0,0.1058,,
simulation-estimated,baseline,6,2,corridor_1,normal,0,0,26.79,0.18,0,26.0,26.0,0.1259,0.0,0.0,0.1259,,
simulation-estimated,baseline,6,2,or_1,critical,0,0,26.79,0.18,0,20.0,20.0,1.0859,1.0,0.3,1.3859,,
simulation-estimated,baseline,6,3,classroom_1,normal,0,0,26.29,0.18,0,26.0,26.0,0.0483,0.0,0.0,0.0483,,
simulation-estimated,baseline,6,3,classroom_2,normal,0,0,26.29,0.18,0,26.0,26.0,0.0483,0.0,0.0,0.0483,,
simulation-estimated,baseline,6,3,office_1,normal,0,0,26.29,0.18,0,26.0,26.0,0.0387,0.0,0.0,0.0387,,
simulation-estimated,baseline,6,3,corridor_1,normal,0,0,26.29,0.18,0,26.0,26.0,0.046,0.0,0.0,0.046,,
simulation-estimated,baseline,6,3,or_1,critical,0,0,26.29,0.18,0,20.0,20.0,1.006,1.0,0.3,1.306,,
simulation-estimated,baseline,6,4,classroom_1,normal,0,0,26.45,0.18,0,26.0,26.0,0.0761,0.0,0.0,0.0761,,
simulation-estimated,baseline,6,4,classroom_2,normal,0,0,26.45,0.18,0,26.0,26.0,0.0761,0.0,0.0,0.0761,,
simulation-estimated,baseline,6,4,office_1,normal,0,0,26.45,0.18,0,26.0,26.0,0.0608,0.0,0.0,0.0608,,
simulation-estimated,baseline,6,4,corridor_1,normal,0,0,26.45,0.18,0,26.0,26.0,0.0724,0.0,0.0,0.0724,,
simulation-estimated,baseline,6,4,or_1,critical,0,0,26.45,0.18,0,20.0,20.0,1.0324,1.0,0.3,1.3324,,
simulation-estimated,baseline,6,5,classroom_1,normal,0,0,27.7,0.18,0,26.0,26.0,0.2852,0.0,0.0,0.2852,,
simulation-estimated,baseline,6,5,classroom_2,normal,0,0,27.7,0.18,0,26.0,26.0,0.2852,0.0,0.0,0.2852,,
simulation-estimated,baseline,6,5,office_1,normal,0,0,27.7,0.18,0,26.0,26.0,0.2282,0.0,0.0,0.2282,,
simulation-estimated,baseline,6,5,corridor_1,normal,0,0,27.7,0.18,0,26.0,26.0,0.2716,0.0,0.0,0.2716,,
simulation-estimated,baseline,6,5,or_1,critical,0,0,27.7,0.18,0,20.0,20.0,1.2316,1.0,0.3,1.5316,,
simulation-estimated,baseline,6,6,classroom_1,normal,0,1,28.31,0.18,0,26.0,26.0,0.3873,0.0,0.0,0.3873,,
simulation-estimated,baseline,6,6,classroom_2,normal,0,1,28.31,0.18,0,26.0,26.0,0.3873,0.0,0.0,0.3873,,
simulation-estimated,baseline,6,6,office_1,normal,0,1,28.31,0.18,0,26.0,26.0,0.3098,0.0,0.0,0.3098,,
simulation-estimated,baseline,6,6,corridor_1,normal,0,0,28.31,0.18,0,26.0,26.0,0.3689,0.0,0.0,0.3689,,
simulation-estimated,baseline,6,6,or_1,critical,0,0,28.31,0.18,0,20.0,20.0,1.3289,1.0,0.3,1.6289,,
simulation-estimated,baseline,6,7,classroom_1,normal,0,1,30.51,0.18,0,26.0,26.0,0.758,0.0,0.0,0.758,,
simulation-estimated,baseline,6,7,classroom_2,normal,0,1,30.51,0.18,0,26.0,26.0,0.758,0.0,0.0,0.758,,
simulation-estimated,baseline,6,7,office_1,normal,0,1,30.51,0.18,0,26.0,26.0,0.6064,0.0,0.0,0.6064,,
simulation-estimated,baseline,6,7,corridor_1,normal,0,0,30.51,0.18,0,26.0,26.0,0.722,0.0,0.0,0.722,,
simulation-estimated,baseline,6,7,or_1,critical,0,0,30.51,0.18,0,20.0,20.0,1.682,1.0,0.3,1.982,,
simulation-estimated,baseline,6,8,classroom_1,normal,0,1,32.6,0.18,0,26.0,26.0,1.1095,0.0,0.0,1.1095,,
simulation-estimated,baseline,6,8,classroom_2,normal,0,1,32.6,0.18,0,26.0,26.0,1.1095,0.0,0.0,1.1095,,
simulation-estimated,baseline,6,8,office_1,normal,0,1,32.6,0.18,0,26.0,26.0,0.8876,0.0,0.0,0.8876,,
simulation-estimated,baseline,6,8,corridor_1,normal,0,0,32.6,0.18,0,26.0,26.0,1.0566,0.0,0.0,1.0566,,
simulation-estimated,baseline,6,8,or_1,critical,0,0,32.6,0.18,0,20.0,20.0,2.0166,1.0,0.3,2.3166,,
simulation-estimated,baseline,6,9,classroom_1,normal,0,1,34.63,0.18,0,26.0,26.0,1.4497,0.0,0.0,1.4497,,
simulation-estimated,baseline,6,9,classroom_2,normal,0,1,34.63,0.18,0,26.0,26.0,1.4497,0.0,0.0,1.4497,,
simulation-estimated,baseline,6,9,office_1,normal,0,1,34.63,0.18,0,26.0,26.0,1.1598,0.0,0.0,1.1598,,
simulation-estimated,baseline,6,9,corridor_1,normal,0,0,34.63,0.18,0,26.0,26.0,1.3807,0.0,0.0,1.3807,,
simulation-estimated,baseline,6,9,or_1,critical,0,0,34.63,0.18,0,20.0,20.0,2.3407,1.0,0.3,2.6407,,
simulation-estimated,baseline,6,10,classroom_1,normal,0,1,36.62,0.18,0,26.0,26.0,1.7837,0.0,0.0,1.7837,,
simulation-estimated,baseline,6,10,classroom_2,normal,0,1,36.62,0.18,0,26.0,26.0,1.7837,0.0,0.0,1.7837,,
simulation-estimated,baseline,6,10,office_1,normal,0,1,36.62,0.18,0,26.0,26.0,1.4269,0.0,0.0,1.4269,,
simulation-estimated,baseline,6,10,corridor_1,normal,0,0,36.62,0.18,0,26.0,26.0,1.6987,0.0,0.0,1.6987,,
simulation-estimated,baseline,6,10,or_1,critical,0,0,36.62,0.18,0,20.0,20.0,2.6587,1.0,0.3,2.9587,,
simulation-estimated,baseline,6,11,classroom_1,normal,0,1,39.19,0.18,0,26.0,26.0,2.2161,0.0,0.0,2.2161,,
simulation-estimated,baseline,6,11,classroom_2,normal,0,1,39.19,0.18,0,26.0,26.0,2.2161,0.0,0.0,2.2161,,
simulation-estimated,baseline,6,11,office_1,normal,0,1,39.19,0.18,0,26.0,26.0,1.7729,0.0,0.0,1.7729,,
simulation-estimated,baseline,6,11,corridor_1,normal,0,0,39.19,0.18,0,26.0,26.0,2.1105,0.0,0.0,2.1105,,
simulation-estimated,baseline,6,11,or_1,critical,0,0,39.19,0.18,0,20.0,20.0,3.0705,1.0,0.3,3.3705,,
simulation-estimated,baseline,6,12,classroom_1,normal,0,1,40.56,0.32,1,26.0,26.0,2.4457,0.0,0.0,2.4457,,
simulation-estimated,baseline,6,12,classroom_2,normal,0,1,40.56,0.32,1,26.0,26.0,2.4457,0.0,0.0,2.4457,,
simulation-estimated,baseline,6,12,office_1,normal,0,1,40.56,0.32,1,26.0,26.0,1.9566,0.0,0.0,1.9566,,
simulation-estimated,baseline,6,12,corridor_1,normal,0,0,40.56,0.32,1,26.0,26.0,2.3293,0.0,0.0,2.3293,,
simulation-estimated,baseline,6,12,or_1,critical,0,0,40.56,0.32,1,20.0,20.0,3.2893,1.0,0.3,3.5893,,
simulation-estimated,baseline,6,13,classroom_1,normal,0,1,42.22,0.32,1,26.0,26.0,2.7245,0.0,0.0,2.7245,,
simulation-estimated,baseline,6,13,classroom_2,normal,0,1,42.22,0.32,1,26.0,26.0,2.7245,0.0,0.0,2.7245,,
simulation-estimated,baseline,6,13,office_1,normal,0,1,42.22,0.32,1,26.0,26.0,2.1796,0.0,0.0,2.1796,,
simulation-estimated,baseline,6,13,corridor_1,normal,0,0,42.22,0.32,1,26.0,26.0,2.5947,0.0,0.0,2.5947,,
simulation-estimated,baseline,6,13,or_1,critical,0,0,42.22,0.32,1,20.0,20.0,3.5547,1.0,0.3,3.8547,,
simulation-estimated,baseline,6,14,classroom_1,normal,0,1,42.5,0.32,1,26.0,26.0,2.7717,0.0,0.0,2.7717,,
simulation-estimated,baseline,6,14,classroom_2,normal,0,1,42.5,0.32,1,26.0,26.0,2.7717,0.0,0.0,2.7717,,
simulation-estimated,baseline,6,14,office_1,normal,0,1,42.5,0.32,1,26.0,26.0,2.2173,0.0,0.0,2.2173,,
simulation-estimated,baseline,6,14,corridor_1,normal,0,0,42.5,0.32,1,26.0,26.0,2.6397,0.0,0.0,2.6397,,
simulation-estimated,baseline,6,14,or_1,critical,0,0,42.5,0.32,1,20.0,20.0,3.5997,1.0,0.3,3.8997,,
simulation-estimated,baseline,6,15,classroom_1,normal,0,1,43.43,0.32,1,26.0,26.0,2.929,0.0,0.0,2.929,,
simulation-estimated,baseline,6,15,classroom_2,normal,0,1,43.43,0.32,1,26.0,26.0,2.929,0.0,0.0,2.929,,
simulation-estimated,baseline,6,15,office_1,normal,0,1,43.43,0.32,1,26.0,26.0,2.3432,0.0,0.0,2.3432,,
simulation-estimated,baseline,6,15,corridor_1,normal,1,0,43.43,0.32,1,26.0,26.0,3.1895,0.0,0.0,3.1895,,
simulation-estimated,baseline,6,15,or_1,critical,0,0,43.43,0.32,1,20.0,20.0,3.7495,1.0,0.3,4.0495,,
simulation-estimated,baseline,6,16,classroom_1,normal,0,1,42.94,0.32,1,26.0,26.0,2.8453,0.0,0.0,2.8453,,
simulation-estimated,baseline,6,16,classroom_2,normal,0,1,42.94,0.32,1,26.0,26.0,2.8453,0.0,0.0,2.8453,,
simulation-estimated,baseline,6,16,office_1,normal,0,1,42.94,0.32,1,26.0,26.0,2.2762,0.0,0.0,2.2762,,
simulation-estimated,baseline,6,16,corridor_1,normal,0,0,42.94,0.32,1,26.0,26.0,2.7098,0.0,0.0,2.7098,,
simulation-estimated,baseline,6,16,or_1,critical,0,0,42.94,0.32,1,20.0,20.0,3.6698,1.0,0.3,3.9698,,
simulation-estimated,baseline,6,17,classroom_1,normal,0,1,41.88,0.18,0,26.0,26.0,2.6678,0.0,0.0,2.6678,,
simulation-estimated,baseline,6,17,classroom_2,normal,0,1,41.88,0.18,0,26.0,26.0,2.6678,0.0,0.0,2.6678,,
simulation-estimated,baseline,6,17,office_1,normal,0,1,41.88,0.18,0,26.0,26.0,2.1342,0.0,0.0,2.1342,,
simulation-estimated,baseline,6,17,corridor_1,normal,0,0,41.88,0.18,0,26.0,26.0,2.5407,0.0,0.0,2.5407,,
simulation-estimated,baseline,6,17,or_1,critical,0,0,41.88,0.18,0,20.0,20.0,3.5007,1.0,0.3,3.8007,,
simulation-estimated,baseline,6,18,classroom_1,normal,0,0,40.36,0.18,0,26.0,26.0,2.4133,0.0,0.0,2.4133,,
simulation-estimated,baseline,6,18,classroom_2,normal,0,0,40.36,0.18,0,26.0,26.0,2.4133,0.0,0.0,2.4133,,
simulation-estimated,baseline,6,18,office_1,normal,0,0,40.36,0.18,0,26.0,26.0,1.9306,0.0,0.0,1.9306,,
simulation-estimated,baseline,6,18,corridor_1,normal,0,0,40.36,0.18,0,26.0,26.0,2.2984,0.0,0.0,2.2984,,
simulation-estimated,baseline,6,18,or_1,critical,0,0,40.36,0.18,0,20.0,20.0,3.2584,1.0,0.3,3.5584,,
simulation-estimated,baseline,6,19,classroom_1,normal,0,0,39.28,0.18,0,26.0,26.0,2.2316,0.0,0.0,2.2316,,
simulation-estimated,baseline,6,19,classroom_2,normal,0,0,39.28,0.18,0,26.0,26.0,2.2316,0.0,0.0,2.2316,,
simulation-estimated,baseline,6,19,office_1,normal,0,0,39.28,0.18,0,26.0,26.0,1.7853,0.0,0.0,1.7853,,
simulation-estimated,baseline,6,19,corridor_1,normal,0,0,39.28,0.18,0,26.0,26.0,2.1253,0.0,0.0,2.1253,,
simulation-estimated,baseline,6,19,or_1,critical,1,0,39.28,0.18,0,20.0,20.0,3.4853,1.0,0.3,3.7853,,
simulation-estimated,baseline,6,20,classroom_1,normal,0,0,36.87,0.18,0,26.0,26.0,1.8258,0.0,0.0,1.8258,,
simulation-estimated,baseline,6,20,classroom_2,normal,0,0,36.87,0.18,0,26.0,26.0,1.8258,0.0,0.0,1.8258,,
simulation-estimated,baseline,6,20,office_1,normal,0,0,36.87,0.18,0,26.0,26.0,1.4607,0.0,0.0,1.4607,,
simulation-estimated,baseline,6,20,corridor_1,normal,0,0,36.87,0.18,0,26.0,26.0,1.7389,0.0,0.0,1.7389,,
simulation-estimated,baseline,6,20,or_1,critical,0,0,36.87,0.18,0,20.0,20.0,2.6989,1.0,0.3,2.9989,,
simulation-estimated,baseline,6,21,classroom_1,normal,0,0,35.04,0.18,0,26.0,26.0,1.5182,0.0,0.0,1.5182,,
simulation-estimated,baseline,6,21,classroom_2,normal,0,0,35.04,0.18,0,26.0,26.0,1.5182,0.0,0.0,1.5182,,
simulation-estimated,baseline,6,21,office_1,normal,0,0,35.04,0.18,0,26.0,26.0,1.2146,0.0,0.0,1.2146,,
simulation-estimated,baseline,6,21,corridor_1,normal,0,0,35.04,0.18,0,26.0,26.0,1.4459,0.0,0.0,1.4459,,
simulation-estimated,baseline,6,21,or_1,critical,0,0,35.04,0.18,0,20.0,20.0,2.4059,1.0,0.3,2.7059,,
simulation-estimated,baseline,6,22,classroom_1,normal,0,0,32.36,0.18,0,26.0,26.0,1.0691,0.0,0.0,1.0691,,
simulation-estimated,baseline,6,22,classroom_2,normal,0,0,32.36,0.18,0,26.0,26.0,1.0691,0.0,0.0,1.0691,,
simulation-estimated,baseline,6,22,office_1,normal,0,0,32.36,0.18,0,26.0,26.0,0.8553,0.0,0.0,0.8553,,
simulation-estimated,baseline,6,22,corridor_1,normal,0,0,32.36,0.18,0,26.0,26.0,1.0182,0.0,0.0,1.0182,,
simulation-estimated,baseline,6,22,or_1,critical,0,0,32.36,0.18,0,20.0,20.0,1.9782,1.0,0.3,2.2782,,
simulation-estimated,baseline,6,23,classroom_1,normal,0,0,30.56,0.18,0,26.0,26.0,0.7655,0.0,0.0,0.7655,,
simulation-estimated,baseline,6,23,classroom_2,normal,0,0,30.56,0.18,0,26.0,26.0,0.7655,0.0,0.0,0.7655,,
simulation-estimated,baseline,6,23,office_1,normal,1,0,30.56,0.18,0,26.0,26.0,0.9484,0.0,0.0,0.9484,,
simulation-estimated,baseline,6,23,corridor_1,normal,0,0,30.56,0.18,0,26.0,26.0,0.7291,0.0,0.0,0.7291,,
simulation-estimated,baseline,6,23,or_1,critical,0,0,30.56,0.18,0,20.0,20.0,1.6891,1.0,0.3,1.9891,,
simulation-estimated,sarab,0,0,classroom_1,normal,0,0,27.85,0.18,0,24.0,24.0,1.598,0.0,0.0,1.598,ComfortAgent,LightingAgent
simulation-estimated,sarab,0,0,classroom_2,normal,0,0,27.85,0.18,0,24.0,24.0,1.598,0.0,0.0,1.598,ComfortAgent,LightingAgent
simulation-estimated,sarab,0,0,office_1,normal,0,0,27.85,0.18,0,24.0,24.0,0.9424,0.0,0.0,0.9424,ComfortAgent,LightingAgent
simulation-estimated,sarab,0,0,corridor_1,normal,0,0,27.85,0.18,0,24.0,24.0,1.2553,0.0,0.0,1.2553,ComfortAgent,LightingAgent
simulation-estimated,sarab,0,0,or_1,critical,0,0,27.85,0.18,0,20.0,20.0,1.2553,0.0,0.0,1.2553,ACAgent,LightingAgent
simulation-estimated,sarab,0,1,classroom_1,normal,0,0,26.68,0.18,0,24.0,24.0,0.4497,0.0,0.0,0.4497,ACAgent,LightingAgent
simulation-estimated,sarab,0,1,classroom_2,normal,0,0,26.68,0.18,0,24.0,24.0,0.4497,0.0,0.0,0.4497,ACAgent,LightingAgent
simulation-estimated,sarab,0,1,office_1,normal,0,0,26.68,0.18,0,24.0,24.0,0.3598,0.0,0.0,0.3598,ACAgent,LightingAgent
simulation-estimated,sarab,0,1,corridor_1,normal,0,0,26.68,0.18,0,24.0,24.0,0.4283,0.0,0.0,0.4283,ACAgent,LightingAgent
simulation-estimated,sarab,0,1,or_1,critical,1,0,26.68,0.18,0,20.0,20.0,1.4683,1.0,0.3,1.7683,CostAgent,LightingAgent
simulation-estimated,sarab,0,2,classroom_1,normal,0,0,25.95,0.18,0,24.0,24.0,0.328,0.0,0.0,0.328,ACAgent,LightingAgent
simulation-estimated,sarab,0,2,classroom_2,normal,0,0,25.95,0.18,0,24.0,24.0,0.328,0.0,0.0,0.328,ACAgent,LightingAgent
simulation-estimated,sarab,0,2,office_1,normal,0,0,25.95,0.18,0,24.0,24.0,0.2624,0.0,0.0,0.2624,ACAgent,LightingAgent
simulation-estimated,sarab,0,2,corridor_1,normal,0,0,25.95,0.18,0,24.0,24.0,0.3124,0.0,0.0,0.3124,ACAgent,LightingAgent
simulation-estimated,sarab,0,2,or_1,critical,0,0,25.95,0.18,0,20.0,20.0,0.9524,0.0,0.0,0.9524,ACAgent,LightingAgent
simulation-estimated,sarab,0,3,classroom_1,normal,0,0,25.09,0.18,0,24.0,24.0,0.1835,0.0,0.0,0.1835,ACAgent,LightingAgent
simulation-estimated,sarab,0,3,classroom_2,normal,0,0,25.09,0.18,0,24.0,24.0,0.1835,0.0,0.0,0.1835,ACAgent,LightingAgent
simulation-estimated,sarab,0,3,office_1,normal,0,0,25.09,0.18,0,24.0,24.0,0.1468,0.0,0.0,0.1468,ACAgent,LightingAgent
simulation-estimated,sarab,0,3,corridor_1,normal,0,0,25.09,0.18,0,24.0,24.0,0.1748,0.0,0.0,0.1748,ACAgent,LightingAgent
simulation-estimated,sarab,0,3,or_1,critical,0,0,25.09,0.18,0,20.0,20.0,0.8148,0.0,0.0,0.8148,ACAgent,LightingAgent
simulation-estimated,sarab,0,4,classroom_1,normal,0,0,25.74,0.18,0,24.0,24.0,0.2918,0.0,0.0,0.2918,ACAgent,LightingAgent
simulation-estimated,sarab,0,4,classroom_2,normal,0,0,25.74,0.18,0,24.0,24.0,0.2918,0.0,0.0,0.2918,ACAgent,LightingAgent
simulation-estimated,sarab,0,4,office_1,normal,0,0,25.74,0.18,0,24.0,24.0,0.2334,0.0,0.0,0.2334,ACAgent,LightingAgent
simulation-estimated,sarab,0,4,corridor_1,normal,0,0,25.74,0.18,0,24.0,24.0,0.2779,0.0,0.0,0.2779,ACAgent,LightingAgent
simulation-estimated,sarab,0,4,or_1,critical,0,0,25.74,0.18,0,20.0,20.0,0.9179,0.0,0.0,0.9179,ACAgent,LightingAgent
simulation-estimated,sarab,0,5,classroom_1,normal,0,0,26.85,0.18,0,24.0,24.0,0.4782,0.0,0.0,0.4782,ACAgent,LightingAgent
simulation-estimated,sarab,0,5,classroom_2,normal,0,0,26.85,0.18,0,24.0,24.0,0.4782,0.0,0.0,0.4782,ACAgent,LightingAgent
simulation-estimated,sarab,0,5,office_1,normal,0,0,26.85,0.18,0,24.0,24.0,0.3826,0.0,0.0,0.3826,ACAgent,LightingAgent
simulation-estimated,sarab,0,5,corridor_1,normal,0,0,26.85,0.18,0,24.0,24.0,0.4554,0.0,0.0,0.4554,ACAgent,LightingAgent
simulation-estimated,sarab,0,5,or_1,critical,0,0,26.85,0.18,0,20.0,20.0,1.0954,0.0,0.0,1.0954,ACAgent,LightingAgent
simulation-estimated,sarab,0,6,classroom_1,normal,0,1,27.57,0.18,0,24.0,24.0,0.6,0.0,0.0,0.6,ACAgent,LightingAgent
simulation-estimated,sarab,0,6,classroom_2,normal,0,1,27.57,0.18,0,24.0,24.0,0.6,0.0,0.0,0.6,ACAgent,LightingAgent
simulation-estimated,sarab,0,6,office_1,normal,0,1,27.57,0.18,0,24.0,24.0,0.48,0.0,0.0,0.48,ACAgent,LightingAgent
simulation-estimated,sarab,0,6,corridor_1,normal,0,0,27.57,0.18,0,24.0,24.0,0.5715,0.0,0.0,0.5715,ACAgent,LightingAgent
simulation-estimated,sarab,0,6,or_1,critical,0,0,27.57,0.18,0,20.0,20.0,1.2115,0.0,0.0,1.2115,ACAgent,LightingAgent
simulation-estimated,sarab,0,7,classroom_1,normal,1,1,29.56,0.18,0,24.0,24.0,1.3548,0.4,0.336,1.6908,ComfortAgent,LightingAgent
simulation-estimated,sarab,0,7,classroom_2,normal,1,1,29.56,0.18,0,24.0,24.0,1.3548,0.4,0.336,1.6908,ComfortAgent,LightingAgent
simulation-estimated,sarab,0,7,office_1,normal,0,1,29.56,0.18,0,24.0,24.0,0.7479,0.0,0.0,0.7479,ACAgent,LightingAgent
simulation-estimated,sarab,0,7,corridor_1,normal,0,0,29.56,0.18,0,24.0,24.0,0.8903,0.0,0.0,0.8903,ACAgent,LightingAgent
simulation-estimated,sarab,0,7,or_1,critical,0,0,29.56,0.18,0,20.0,20.0,1.5303,0.0,0.0,1.5303,ACAgent,LightingAgent
simulation-estimated,sarab,0,8,classroom_1,normal,1,1,31.46,0.18,0,24.0,24.0,1.6725,0.4,0.336,2.0085,ComfortAgent,LightingAgent
simulation-estimated,sarab,0,8,classroom_2,normal,1,1,31.46,0.18,0,24.0,24.0,1.6725,0.4,0.336,2.0085,ComfortAgent,LightingAgent
simulation-estimated,sarab,0,8,office_1,normal,1,1,31.46,0.18,0,24.0,24.0,1.338,0.4,0.168,1.506,ComfortAgent,LightingAgent
simulation-estimated,sarab,0,8,corridor_1,normal,0,0,31.46,0.18,0,24.0,24.0,1.1928,0.0,0.0,1.1928,ACAgent,LightingAgent
simulation-estimated,sarab,0,8,or_1,critical,0,0,31.46,0.18,0,20.0,20.0,1.8328,0.0,0.0,1.8328,ACAgent,LightingAgent
simulation-estimated,sarab,0,9,classroom_1,normal,1,1,33.96,0.18,0,24.0,24.0,2.0939,0.4,0.336,2.4299,ComfortAgent,LightingAgent
simulation-estimated,sarab,0,9,classroom_2,normal,1,1,33.96,0.18,0,24.0,24.0,2.0939,0.4,0.336,2.4299,ComfortAgent,LightingAgent
simulation-estimated,sarab,0,9,office_1,normal,1,1,33.96,0.18,0,24.0,24.0,1.6751,0.4,0.168,1.8431,ComfortAgent,LightingAgent
simulation-estimated,sarab,0,9,corridor_1,normal,0,0,33.96,0.18,0,24.0,24.0,1.5942,0.0,0.0,1.5942,ACAgent,LightingAgent
simulation-estimated,sarab,0,9,or_1,critical,1,0,33.96,0.18,0,20.0,20.0,2.6342,1.0,0.3,2.9342,CostAgent,LightingAgent
simulation-estimated,sarab,0,10,classroom_1,normal,1,1,35.97,0.18,0,24.0,24.0,2.4311,0.4,0.336,2.7671,ComfortAgent,LightingAgent
simulation-estimated,sarab,0,10,classroom_2,normal,1,1,35.97,0.18,0,24.0,24.0,2.4311,0.4,0.336,2.7671,ComfortAgent,LightingAgent
simulation-estimated,sarab,0,10,office_1,normal,0,1,35.97,0.18,0,24.0,24.0,1.6088,0.0,0.0,1.6088,ACAgent,LightingAgent
simulation-estimated,sarab,0,10,corridor_1,normal,0,0,35.97,0.18,0,24.0,24.0,1.9153,0.0,0.0,1.9153,ACAgent,LightingAgent
simulation-estimated,sarab,0,10,or_1,critical,1,0,35.97,0.18,0,20.0,20.0,2.9553,1.0,0.3,3.2553,CostAgent,LightingAgent
simulation-estimated,sarab,0,11,classroom_1,normal,1,1,38.29,0.18,0,24.0,24.0,2.8212,0.4,0.336,3.1572,ComfortAgent,LightingAgent
simulation-estimated,sarab,0,11,classroom_2,normal,1,1,38.29,0.18,0,24.0,24.0,2.8212,0.4,0.336,3.1572,ComfortAgent,LightingAgent
simulation-estimated,sarab,0,11,office_1,normal,1,1,38.29,0.18,0,24.0,24.0,2.2569,0.4,0.168,2.4249,ComfortAgent,LightingAgent
simulation-estimated,sarab,0,11,corridor_1,normal,0,0,38.29,0.18,0,24.0,24.0,2.2868,0.0,0.0,2.2868,ACAgent,LightingAgent
simulation-estimated,sarab,0,11,or_1,critical,1,0,38.29,0.18,0,20.0,20.0,3.3268,1.0,0.3,3.6268,CostAgent,LightingAgent
simulation-estimated,sarab,0,12,classroom_1,normal,1,1,39.98,0.32,1,25.5,25.5,1.4243,0.4,0.336,1.7603,CostAgent,LightingAgent
simulation-estimated,sarab,0,12,classroom_2,normal,0,1,39.98,0.32,1,25.5,25.5,1.0043,0.0,0.0,1.0043,CostAgent,LightingAgent
simulation-estimated,sarab,0,12,office_1,normal,0,1,39.98,0.32,1,25.5,25.5,1.3074,0.0,0.0,1.3074,CostAgent,LightingAgent
simulation-estimated,sarab,0,12,corridor_1,normal,1,0,39.98,0.32,1,25.5,25.5,1.7564,1.0,0.6,2.3564,CostAgent,LightingAgent
simulation-estimated,sarab,0,12,or_1,critical,1,0,39.98,0.32,1,20.0,20.0,3.5964,1.0,0.3,3.8964,CostAgent,LightingAgent
simulation-estimated,sarab,0,13,classroom_1,normal,1,1,41.68,0.32,1,25.5,25.5,3.1378,0.4,0.336,3.4738,CostAgent,LightingAgent
simulation-estimated,sarab,0,13,classroom_2,normal,1,1,41.68,0.32,1,25.5,25.5,3.1378,0.4,0.336,3.4738,CostAgent,LightingAgent
simulation-estimated,sarab,0,13,office_1,normal,1,1,41.68,0.32,1,25.5,25.5,2.5103,0.4,0.168,2.6783,CostAgent,LightingAgent
simulation-estimated,sarab,0,13,corridor_1,normal,1,0,41.68,0.32,1,25.5,25.5,2.9884,1.0,0.6,3.5884,CostAgent,LightingAgent
simulation-estimated,sarab,0,13,or_1,critical,0,0,41.68,0.32,1,20.0,20.0,3.4684,0.0,0.0,3.4684,ACAgent,LightingAgent
simulation-estimated,sarab,0,14,classroom_1,normal,1,1,42.36,0.32,1,25.5,25.5,3.2529,0.4,0.336,3.5889,CostAgent,LightingAgent
simulation-estimated,sarab,0,14,classroom_2,normal,1,1,42.36,0.32,1,25.5,25.5,3.2529,0.4,0.336,3.5889,CostAgent,LightingAgent
simulation-estimated,sarab,0,14,office_1,normal,1,1,42.36,0.32,1,25.5,25.5,2.6023,0.4,0.168,2.7703,CostAgent,LightingAgent
simulation-estimated,sarab,0,14,corridor_1,normal,0,0,42.36,0.32,1,24.0,24.0,3.898,0.0,0.0,3.898,ComfortAgent,LightingAgent
simulation-estimated,sarab,0,14,or_1,critical,1,0,42.36,0.32,1,20.0,20.0,3.978,1.0,0.3,4.278,CostAgent,LightingAgent
simulation-estimated,sarab,0,15,classroom_1,normal,1,1,42.8,0.32,1,25.5,25.5,3.3256,0.4,0.336,3.6616,CostAgent,LightingAgent
simulation-estimated,sarab,0,15,classroom_2,normal,1,1,42.8,0.32,1,25.5,25.5,3.3256,0.4,0.336,3.6616,CostAgent,LightingAgent
simulation-estimated,sarab,0,15,office_1,normal,1,1,42.8,0.32,1,25.5,25.5,2.6605,0.4,0.168,2.8285,CostAgent,LightingAgent
simulation-estimated,sarab,0,15,corridor_1,normal,0,0,42.8,0.32,1,25.5,25.5,1.8072,0.0,0.0,1.8072,CostAgent,LightingAgent
simulation-estimated,sarab,0,15,or_1,critical,1,0,42.8,0.32,1,20.0,20.0,4.0472,1.0,0.3,4.3472,CostAgent,LightingAgent
simulation-estimated,sarab,0,16,classroom_1,normal,0,1,41.94,0.32,1,24.0,24.0,4.4423,0.0,0.0,4.4423,ComfortAgent,LightingAgent
simulation-estimated,sarab,0,16,classroom_2,normal,1,1,41.94,0.32,1,25.5,25.5,3.1823,0.4,0.336,3.5183,CostAgent,LightingAgent
simulation-estimated,sarab,0,16,office_1,normal,1,1,41.94,0.32,1,25.5,25.5,2.5458,0.4,0.168,2.7138,CostAgent,LightingAgent
simulation-estimated,sarab,0,16,corridor_1,normal,1,0,41.94,0.32,1,25.5,25.5,3.0307,1.0,0.6,3.6307,CostAgent,LightingAgent
simulation-estimated,sarab,0,16,or_1,critical,0,0,41.94,0.32,1,20.0,20.0,3.5107,0.0,0.0,3.5107,ACAgent,LightingAgent
simulation-estimated,sarab,0,17,classroom_1,normal,0,1,41.58,0.18,0,24.0,24.0,2.9535,0.0,0.0,2.9535,ACAgent,LightingAgent
simulation-estimated,sarab,0,17,classroom_2,normal,0,1,41.58,0.18,0,24.0,24.0,4.3815,0.0,0.0,4.3815,ComfortAgent,LightingAgent
simulation-estimated,sarab,0,17,office_1,normal,1,1,41.58,0.18,0,24.0,24.0,3.3372,0.4,0.168,3.5052,ComfortAgent,LightingAgent
simulation-estimated,sarab,0,17,corridor_1,normal,0,0,41.58,0.18,0,24.0,24.0,3.7728,0.0,0.0,3.7728,ComfortAgent,LightingAgent
simulation-estimated,sarab,0,17,or_1,critical,0,0,41.58,0.18,0,20.0,20.0,3.4528,0.0,0.0,3.4528,ACAgent,LightingAgent
simulation-estimated,sarab,0,18,classroom_1,normal,0,0,39.77,0.18,0,24.0,24.0,2.6489,0.0,0.0,2.6489,ACAgent,LightingAgent
simulation-estimated,sarab,0,18,classroom_2,normal,0,0,39.77,0.18,0,24.0,24.0,2.6489,0.0,0.0,2.6489,ACAgent,LightingAgent
simulation-estimated,sarab,0,18,office_1,normal,0,0,39.77,0.18,0,24.0,24.0,2.1191,0.0,0.0,2.1191,ACAgent,LightingAgent
simulation-estimated,sarab,0,18,corridor_1,normal,0,0,39.77,0.18,0,24.0,24.0,2.5228,0.0,0.0,2.5228,ACAgent,LightingAgent
simulation-estimated,sarab,0,18,or_1,critical,0,0,39.77,0.18,0,20.0,20.0,3.1628,0.0,0.0,3.1628,ACAgent,LightingAgent
simulation-estimated,sarab,0,19,classroom_1,normal,0,0,38.39,0.18,0,24.0,24.0,2.4177,0.0,0.0,2.4177,ACAgent,LightingAgent
simulation-estimated,sarab,0,19,classroom_2,normal,1,0,38.39,0.18,0,24.0,24.0,2.8377,1.0,0.84,3.6777,ComfortAgent,LightingAgent
simulation-estimated,sarab,0,19,office_1,normal,0,0,38.39,0.18,0,24.0,24.0,1.9342,0.0,0.0,1.9342,ACAgent,LightingAgent
simulation-estimated,sarab,0,19,corridor_1,normal,1,0,38.39,0.18,0,24.0,24.0,2.7026,1.0,0.6,3.3026,ComfortAgent,LightingAgent
simulation-estimated,sarab,0,19,or_1,critical,0,0,38.39,0.18,0,20.0,20.0,2.9426,0.0,0.0,2.9426,ACAgent,LightingAgent
simulation-estimated,sarab,0,20,classroom_1,normal,0,0,36.42,0.18,0,24.0,24.0,2.0868,0.0,0.0,2.0868,ACAgent,LightingAgent
simulation-estimated,sarab,0,20,classroom_2,normal,0,0,36.42,0.18,0,24.0,24.0,2.0868,0.0,0.0,2.0868,ACAgent,LightingAgent
simulation-estimated,sarab,0,20,office_1,normal,0,0,36.42,0.18,0,24.0,24.0,1.6694,0.0,0.0,1.6694,ACAgent,LightingAgent
simulation-estimated,sarab,0,20,corridor_1,normal,0,0,36.42,0.18,0,24.0,24.0,1.9874,0.0,0.0,1.9874,ACAgent,LightingAgent
simulation-estimated,sarab,0,20,or_1,critical,0,0,36.42,0.18,0,20.0,20.0,2.6274,0.0,0.0,2.6274,ACAgent,LightingAgent
simulation-estimated,sarab,0,21,classroom_1,normal,0,0,33.59,0.18,0,24.0,24.0,1.6106,0.0,0.0,1.6106,ACAgent,LightingAgent
simulation-estimated,sarab,0,21,classroom_2,normal,0,0,33.59,0.18,0,24.0,24.0,1.6106,0.0,0.0,1.6106,ACAgent,LightingAgent
simulation-estimated,sarab,0,21,office_1,normal,0,0,33.59,0.18,0,24.0,24.0,1.2885,0.0,0.0,1.2885,ACAgent,LightingAgent
simulation-estimated,sarab,0,21,corridor_1,normal,0,0,33.59,0.18,0,24.0,24.0,1.5339,0.0,0.0,1.5339,ACAgent,LightingAgent
simulation-estimated,sarab,0,21,or_1,critical,0,0,33.59,0.18,0,20.0,20.0,2.1739,0.0,0.0,2.1739,ACAgent,LightingAgent
simulation-estimated,sarab,0,22,classroom_1,normal,0,0,31.7,0.18,0,24.0,24.0,1.2934,0.0,0.0,1.2934,ACAgent,LightingAgent
simulation-estimated,sarab,0,22,classroom_2,normal,0,0,31.7,0.18,0,24.0,24.0,1.2934,0.0,0.0,1.2934,ACAgent,LightingAgent
simulation-estimated,sarab,0,22,office_1,normal,0,0,31.7,0.18,0,24.0,24.0,1.0347,0.0,0.0,1.0347,ACAgent,LightingAgent
simulation-estimated,sarab,0,22,corridor_1,normal,0,0,31.7,0.18,0,24.0,24.0,1.2318,0.0,0.0,1.2318,ACAgent,LightingAgent
simulation-estimated,sarab,0,22,or_1,critical,0,0,31.7,0.18,0,20.0,20.0,1.8718,0.0,0.0,1.8718,ACAgent,LightingAgent
simulation-estimated,sarab,0,23,classroom_1,normal,0,0,29.7,0.18,0,24.0,24.0,0.9576,0.0,0.0,0.9576,ACAgent,LightingAgent
simulation-estimated,sarab,0,23,classroom_2,normal,0,0,29.7,0.18,0,24.0,24.0,0.9576,0.0,0.0,0.9576,ACAgent,LightingAgent
simulation-estimated,sarab,0,23,office_1,normal,0,0,29.7,0.18,0,24.0,24.0,0.766,0.0,0.0,0.766,ACAgent,LightingAgent
simulation-estimated,sarab,0,23,corridor_1,normal,0,0,29.7,0.18,0,24.0,24.0,0.912,0.0,0.0,0.912,ACAgent,LightingAgent
simulation-estimated,sarab,0,23,or_1,critical,0,0,29.7,0.18,0,20.0,20.0,1.552,0.0,0.0,1.552,ACAgent,LightingAgent
simulation-estimated,sarab,1,0,classroom_1,normal,0,0,26.02,0.18,0,24.0,24.0,0.3385,0.0,0.0,0.3385,ACAgent,LightingAgent
simulation-estimated,sarab,1,0,classroom_2,normal,0,0,26.02,0.18,0,24.0,24.0,0.3385,0.0,0.0,0.3385,ACAgent,LightingAgent
simulation-estimated,sarab,1,0,office_1,normal,0,0,26.02,0.18,0,24.0,24.0,0.2708,0.0,0.0,0.2708,ACAgent,LightingAgent
simulation-estimated,sarab,1,0,corridor_1,normal,0,0,26.02,0.18,0,24.0,24.0,0.3224,0.0,0.0,0.3224,ACAgent,LightingAgent
simulation-estimated,sarab,1,0,or_1,critical,0,0,26.02,0.18,0,20.0,20.0,0.9624,0.0,0.0,0.9624,ACAgent,LightingAgent
simulation-estimated,sarab,1,1,classroom_1,normal,0,0,24.5,0.18,0,24.0,24.0,0.0836,0.0,0.0,0.0836,ACAgent,LightingAgent
simulation-estimated,sarab,1,1,classroom_2,normal,0,0,24.5,0.18,0,24.0,24.0,0.0836,0.0,0.0,0.0836,ACAgent,LightingAgent
simulation-estimated,sarab,1,1,office_1,normal,0,0,24.5,0.18,0,24.0,24.0,0.0669,0.0,0.0,0.0669,ACAgent,LightingAgent
simulation-estimated,sarab,1,1,corridor_1,normal,0,0,24.5,0.18,0,24.0,24.0,0.0797,0.0,0.0,0.0797,ACAgent,LightingAgent
simulation-estimated,sarab,1,1,or_1,critical,0,0,24.5,0.18,0,20.0,20.0,0.7197,0.0,0.0,0.7197,ACAgent,LightingAgent
simulation-estimated,sarab,1,2,classroom_1,normal,0,0,24.15,0.18,0,24.0,24.0,0.0256,0.0,0.0,0.0256,ACAgent,LightingAgent
simulation-estimated,sarab,1,2,classroom_2,normal,0,0,24.15,0.18,0,24.0,24.0,0.0256,0.0,0.0,0.0256,ACAgent,LightingAgent
simulation-estimated,sarab,1,2,office_1,normal,0,0,24.15,0.18,0,24.0,24.0,0.0205,0.0,0.0,0.0205,ACAgent,LightingAgent
simulation-estimated,sarab,1,2,corridor_1,normal,0,0,24.15,0.18,0,24.0,24.0,0.0244,0.0,0.0,0.0244,ACAgent,LightingAgent
simulation-estimated,sarab,1,2,or_1,critical,0,0,24.15,0.18,0,20.0,20.0,0.6644,0.0,0.0,0.6644,ACAgent,LightingAgent
simulation-estimated,sarab,1,3,classroom_1,normal,0,0,23.92,0.18,0,24.0,24.0,0.0129,0.0,0.0,0.0129,ACAgent,LightingAgent
simulation-estimated,sarab,1,3,classroom_2,normal,0,0,23.92,0.18,0,24.0,24.0,0.0129,0.0,0.0,0.0129,ACAgent,LightingAgent
simulation-estimated,sarab,1,3,office_1,normal,0,0,23.92,0.18,0,24.0,24.0,0.0103,0.0,0.0,0.0103,ACAgent,LightingAgent
simulation-estimated,sarab,1,3,corridor_1,normal,0,0,23.92,0.18,0,24.0,24.0,0.0122,0.0,0.0,0.0122,ACAgent,LightingAgent
simulation-estimated,sarab,1,3,or_1,critical,0,0,23.92,0.18,0,20.0,20.0,0.6278,0.0,0.0,0.6278,ACAgent,LightingAgent
simulation-estimated,sarab,1,4,classroom_1,normal,0,0,23.54,0.18,0,24.0,24.0,0.0769,0.0,0.0,0.0769,ACAgent,LightingAgent
simulation-estimated,sarab,1,4,classroom_2,normal,0,0,23.54,0.18,0,24.0,24.0,0.0769,0.0,0.0,0.0769,ACAgent,LightingAgent
simulation-estimated,sarab,1,4,office_1,normal,0,0,23.54,0.18,0,24.0,24.0,0.0615,0.0,0.0,0.0615,ACAgent,LightingAgent
simulation-estimated,sarab,1,4,corridor_1,normal,0,0,23.54,0.18,0,24.0,24.0,0.0732,0.0,0.0,0.0732,ACAgent,LightingAgent
simulation-estimated,sarab,1,4,or_1,critical,0,0,23.54,0.18,0,20.0,20.0,0.5668,0.0,0.0,0.5668,ACAgent,LightingAgent
simulation-estimated,sarab,1,5,classroom_1,normal,0,0,25.1,0.18,0,24.0,24.0,0.185,0.0,0.0,0.185,ACAgent,LightingAgent
simulation-estimated,sarab,1,5,classroom_2,normal,0,0,25.1,0.18,0,24.0,24.0,0.185,0.0,0.0,0.185,ACAgent,LightingAgent
simulation-estimated,sarab,1,5,office_1,normal,0,0,25.1,0.18,0,24.0,24.0,0.148,0.0,0.0,0.148,ACAgent,LightingAgent
simulation-estimated,sarab,1,5,corridor_1,normal,0,0,25.1,0.18,0,24.0,24.0,0.1762,0.0,0.0,0.1762,ACAgent,LightingAgent
simulation-estimated,sarab,1,5,or_1,critical,0,0,25.1,0.18,0,20.0,20.0,0.8162,0.0,0.0,0.8162,ACAgent,LightingAgent
simulation-estimated,sarab,1,6,classroom_1,normal,0,1,25.82,0.18,0,24.0,24.0,0.3052,0.0,0.0,0.3052,ACAgent,LightingAgent
simulation-estimated,sarab,1,6,classroom_2,normal,0,1,25.82,0.18,0,24.0,24.0,0.3052,0.0,0.0,0.3052,ACAgent,LightingAgent
simulation-estimated,sarab,1,6,office_1,normal,0,1,25.82,0.18,0,24.0,24.0,0.2442,0.0,0.0,0.2442,ACAgent,LightingAgent
simulation-estimated,sarab,1,6,corridor_1,normal,0,0,25.82,0.18,0,24.0,24.0,0.2907,0.0,0.0,0.2907,ACAgent,LightingAgent
simulation-estimated,sarab,1,6,or_1,critical,0,0,25.82,0.18,0,20.0,20.0,0.9307,0.0,0.0,0.9307,ACAgent,LightingAgent
simulation-estimated,sarab,1,7,classroom_1,normal,0,1,27.78,0.18,0,24.0,24.0,0.635,0.0,0.0,0.635,ACAgent,LightingAgent
simulation-estimated,sarab,1,7,classroom_2,normal,0,1,27.78,0.18,0,24.0,24.0,0.635,0.0,0.0,0.635,ACAgent,LightingAgent
simulation-estimated,sarab,1,7,office_1,normal,1,1,27.78,0.18,0,24.0,24.0,0.844,0.4,0.168,1.012,ComfortAgent,LightingAgent
simulation-estimated,sarab,1,7,corridor_1,normal,0,0,27.78,0.18,0,24.0,24.0,0.6047,0.0,0.0,0.6047,ACAgent,LightingAgent
simulation-estimated,sarab,1,7,or_1,critical,0,0,27.78,0.18,0,20.0,20.0,1.2447,0.0,0.0,1.2447,ACAgent,LightingAgent
simulation-estimated,sarab,1,8,classroom_1,normal,1,1,30.25,0.18,0,24.0,24.0,1.47,0.4,0.336,1.806,ComfortAgent,LightingAgent
simulation-estimated,sarab,1,8,classroom_2,normal,1,1,30.25,0.18,0,24.0,24.0,1.47,0.4,0.336,1.806,ComfortAgent,LightingAgent
simulation-estimated,sarab,1,8,office_1,normal,1,1,30.25,0.18,0,24.0,24.0,1.176,0.4,0.168,1.344,ComfortAgent,LightingAgent
simulation-estimated,sarab,1,8,corridor_1,normal,0,0,30.25,0.18,0,24.0,24.0,1.0,0.0,0.0,1.0,ACAgent,LightingAgent
simulation-estimated,sarab,1,8,or_1,critical,1,0,30.25,0.18,0,20.0,20.0,2.04,1.0,0.3,2.34,CostAgent,LightingAgent
simulation-estimated,sarab,1,9,classroom_1,normal,1,1,32.0,0.18,0,24.0,24.0,1.7633,0.4,0.336,2.0993,ComfortAgent,LightingAgent
simulation-estimated,sarab,1,9,classroom_2,normal,1,1,32.0,0.18,0,24.0,24.0,1.7633,0.4,0.336,2.0993,ComfortAgent,LightingAgent
simulation-estimated,sarab,1,9,office_1,normal,0,1,32.0,0.18,0,24.0,24.0,1.0746,0.0,0.0,1.0746,ACAgent,LightingAgent
simulation-estimated,sarab,1,9,corridor_1,normal,0,0,32.0,0.18,0,24.0,24.0,1.2793,0.0,0.0,1.2793,ACAgent,LightingAgent
simulation-estimated,sarab,1,9,or_1,critical,0,0,32.0,0.18,0,20.0,20.0,1.9193,0.0,0.0,1.9193,ACAgent,LightingAgent
simulation-estimated,sarab,1,10,classroom_1,normal,1,1,34.24,0.18,0,24.0,24.0,2.1402,0.4,0.336,2.4762,ComfortAgent,LightingAgent
simulation-estimated,sarab,1,10,classroom_2,normal,0,1,34.24,0.18,0,24.0,24.0,1.7202,0.0,0.0,1.7202,ACAgent,LightingAgent
simulation-estimated,sarab,1,10,office_1,normal,0,1,34.24,0.18,0,24.0,24.0,1.3761,0.0,0.0,1.3761,ACAgent,LightingAgent
simulation-estimated,sarab,1,10,corridor_1,normal,0,0,34.24,0.18,0,24.0,24.0,1.6382,0.0,0.0,1.6382,ACAgent,LightingAgent
simulation-estimated,sarab,1,10,or_1,critical,0,0,34.24,0.18,0,20.0,20.0,2.2782,0.0,0.0,2.2782,ACAgent,LightingAgent
simulation-estimated,sarab,1,11,classroom_1,normal,1,1,36.05,0.18,0,24.0,24.0,2.4442,0.4,0.336,2.7802,ComfortAgent,LightingAgent
simulation-estimated,sarab,1,11,classroom_2,normal,0,1,36.05,0.18,0,24.0,24.0,2.0242,0.0,0.0,2.0242,ACAgent,LightingAgent
simulation-estimated,sarab,1,11,office_1,normal,1,1,36.05,0.18,0,24.0,24.0,1.9554,0.4,0.168,2.1234,ComfortAgent,LightingAgent
simulation-estimated,sarab,1,11,corridor_1,normal,0,0,36.05,0.18,0,24.0,24.0,1.9278,0.0,0.0,1.9278,ACAgent,LightingAgent
simulation-estimated,sarab,1,11,or_1,critical,0,0,36.05,0.18,0,20.0,20.0,2.5678,0.0,0.0,2.5678,ACAgent,LightingAgent
simulation-estimated,sarab,1,12,classroom_1,normal,0,1,37.73,0.32,1,25.5,25.5,0.6268,0.0,0.0,0.6268,CostAgent,LightingAgent
simulation-estimated,sarab,1,12,classroom_2,normal,0,1,37.73,0.32,1,25.5,25.5,0.6268,0.0,0.0,0.6268,CostAgent,LightingAgent
simulation-estimated,sarab,1,12,office_1,normal,0,1,37.73,0.32,1,25.5,25.5,1.0055,0.0,0.0,1.0055,CostAgent,LightingAgent
simulation-estimated,sarab,1,12,corridor_1,normal,1,0,37.73,0.32,1,25.5,25.5,1.397,1.0,0.6,1.997,CostAgent,LightingAgent
simulation-estimated,sarab,1,12,or_1,critical,0,0,37.73,0.32,1,20.0,20.0,2.837,0.0,0.0,2.837,ACAgent,LightingAgent
simulation-estimated,sarab,1,13,classroom_1,normal,1,1,39.1,0.32,1,25.5,25.5,2.7049,0.4,0.336,3.0409,CostAgent,LightingAgent
simulation-estimated,sarab,1,13,classroom_2,normal,1,1,39.1,0.32,1,25.5,25.5,2.7049,0.4,0.336,3.0409,CostAgent,LightingAgent
simulation-estimated,sarab,1,13,office_1,normal,1,1,39.1,0.32,1,25.5,25.5,2.1639,0.4,0.168,2.3319,CostAgent,LightingAgent
simulation-estimated,sarab,1,13,corridor_1,normal,1,0,39.1,0.32,1,25.5,25.5,2.5761,1.0,0.6,3.1761,CostAgent,LightingAgent
simulation-estimated,sarab,1,13,or_1,critical,1,0,39.1,0.32,1,20.0,20.0,3.4561,1.0,0.3,3.7561,CostAgent,LightingAgent
simulation-estimated,sarab,1,14,classroom_1,normal,1,1,40.6,0.32,1,25.5,25.5,2.9564,0.4,0.336,3.2924,CostAgent,LightingAgent
simulation-estimated,sarab,1,14,classroom_2,normal,1,1,40.6,0.32,1,25.5,25.5,2.9564,0.4,0.336,3.2924,CostAgent,LightingAgent
simulation-estimated,sarab,1,14,office_1,normal,1,1,40.6,0.32,1,25.5,25.5,2.3651,0.4,0.168,2.5331,CostAgent,LightingAgent
simulation-estimated,sarab,1,14,corridor_1,normal,0,0,40.6,0.32,1,24.0,24.0,3.6156,0.0,0.0,3.6156,ComfortAgent,LightingAgent
simulation-estimated,sarab,1,14,or_1,critical,1,0,40.6,0.32,1,20.0,20.0,3.6956,1.0,0.3,3.9956,CostAgent,LightingAgent
simulation-estimated,sarab,1,15,classroom_1,normal,0,1,40.59,0.32,1,24.0,24.0,4.2157,0.0,0.0,4.2157,ComfortAgent,LightingAgent
simulation-estimated,sarab,1,15,classroom_2,normal,1,1,40.59,0.32,1,25.5,25.5,2.9557,0.4,0.336,3.2917,CostAgent,LightingAgent
simulation-estimated,sarab,1,15,office_1,normal,1,1,40.59,0.32,1,25.5,25.5,2.3645,0.4,0.168,2.5325,CostAgent,LightingAgent
simulation-estimated,sarab,1,15,corridor_1,normal,0,0,40.59,0.32,1,25.5,25.5,1.4549,0.0,0.0,1.4549,CostAgent,LightingAgent
simulation-estimated,sarab,1,15,or_1,critical,1,0,40.59,0.32,1,20.0,20.0,3.6949,1.0,0.3,3.9949,CostAgent,LightingAgent
simulation-estimated,sarab,1,16,classroom_1,normal,1,1,40.42,0.32,1,25.5,25.5,1.499,0.4,0.336,1.835,CostAgent,LightingAgent
simulation-estimated,sarab,1,16,classroom_2,normal,1,1,40.42,0.32,1,25.5,25.5,2.927,0.4,0.336,3.263,CostAgent,LightingAgent
simulation-estimated,sarab,1,16,office_1,normal,1,1,40.42,0.32,1,25.5,25.5,2.3416,0.4,0.168,2.5096,CostAgent,LightingAgent
simulation-estimated,sarab,1,16,corridor_1,normal,1,0,40.42,0.32,1,25.5,25.5,2.7876,1.0,0.6,3.3876,CostAgent,LightingAgent
simulation-estimated,sarab,1,16,or_1,critical,0,0,40.42,0.32,1,20.0,20.0,3.2676,0.0,0.0,3.2676,ACAgent,LightingAgent
simulation-estimated,sarab,1,17,classroom_1,normal,0,1,39.84,0.18,0,24.0,24.0,4.0883,0.0,0.0,4.0883,ComfortAgent,LightingAgent
simulation-estimated,sarab,1,17,classroom_2,normal,0,1,39.84,0.18,0,24.0,24.0,4.0883,0.0,0.0,4.0883,ComfortAgent,LightingAgent
simulation-estimated,sarab,1,17,office_1,normal,1,1,39.84,0.18,0,24.0,24.0,3.1026,0.4,0.168,3.2706,ComfortAgent,LightingAgent
simulation-estimated,sarab,1,17,corridor_1,normal,1,0,39.84,0.18,0,24.0,24.0,3.8936,1.0,0.6,4.4936,ComfortAgent,LightingAgent
simulation-estimated,sarab,1,17,or_1,critical,0,0,39.84,0.18,0,20.0,20.0,3.1736,0.0,0.0,3.1736,ACAgent,LightingAgent
simulation-estimated,sarab,1,18,classroom_1,normal,0,0,38.39,0.18,0,24.0,24.0,2.4175,0.0,0.0,2.4175,ACAgent,LightingAgent
simulation-estimated,sarab,1,18,classroom_2,normal,0,0,38.39,0.18,0,24.0,24.0,2.4175,0.0,0.0,2.4175,ACAgent,LightingAgent
simulation-estimated,sarab,1,18,office_1,normal,0,0,38.39,0.18,0,24.0,24.0,1.934,0.0,0.0,1.934,ACAgent,LightingAgent
simulation-estimated,sarab,1,18,corridor_1,normal,0,0,38.39,0.18,0,24.0,24.0,2.3024,0.0,0.0,2.3024,ACAgent,LightingAgent
simulation-estimated,sarab,1,18,or_1,critical,0,0,38.39,0.18,0,20.0,20.0,2.9424,0.0,0.0,2.9424,ACAgent,LightingAgent
simulation-estimated,sarab,1,19,classroom_1,normal,0,0,36.41,0.18,0,24.0,24.0,2.0856,0.0,0.0,2.0856,ACAgent,LightingAgent
simulation-estimated,sarab,1,19,classroom_2,normal,0,0,36.41,0.18,0,24.0,24.0,2.0856,0.0,0.0,2.0856,ACAgent,LightingAgent
simulation-estimated,sarab,1,19,office_1,normal,1,0,36.41,0.18,0,24.0,24.0,2.0045,1.0,0.42,2.4245,ComfortAgent,LightingAgent
simulation-estimated,sarab,1,19,corridor_1,normal,0,0,36.41,0.18,0,24.0,24.0,1.9863,0.0,0.0,1.9863,ACAgent,LightingAgent
simulation-estimated,sarab,1,19,or_1,critical,0,0,36.41,0.18,0,20.0,20.0,2.6263,0.0,0.0,2.6263,ACAgent,LightingAgent
simulation-estimated,sarab,1,20,classroom_1,normal,0,0,34.41,0.18,0,24.0,24.0,1.7482,0.0,0.0,1.7482,ACAgent,LightingAgent
simulation-estimated,sarab,1,20,classroom_2,normal,0,0,34.41,0.18,0,24.0,24.0,1.7482,0.0,0.0,1.7482,ACAgent,LightingAgent
simulation-estimated,sarab,1,20,office_1,normal,0,0,34.41,0.18,0,24.0,24.0,1.3985,0.0,0.0,1.3985,ACAgent,LightingAgent
simulation-estimated,sarab,1,20,corridor_1,normal,0,0,34.41,0.18,0,24.0,24.0,1.6649,0.0,0.0,1.6649,ACAgent,LightingAgent
simulation-estimated,sarab,1,20,or_1,critical,0,0,34.41,0.18,0,20.0,20.0,2.3049,0.0,0.0,2.3049,ACAgent,LightingAgent
simulation-estimated,sarab,1,21,classroom_1,normal,0,0,31.89,0.18,0,24.0,24.0,1.326,0.0,0.0,1.326,ACAgent,LightingAgent
simulation-estimated,sarab,1,21,classroom_2,normal,0,0,31.89,0.18,0,24.0,24.0,1.326,0.0,0.0,1.326,ACAgent,LightingAgent
simulation-estimated,sarab,1,21,office_1,normal,0,0,31.89,0.18,0,24.0,24.0,1.0608,0.0,0.0,1.0608,ACAgent,LightingAgent
simulation-estimated,sarab,1,21,corridor_1,normal,0,0,31.89,0.18,0,24.0,24.0,1.2629,0.0,0.0,1.2629,ACAgent,LightingAgent
simulation-estimated,sarab,1,21,or_1,critical,0,0,31.89,0.18,0,20.0,20.0,1.9029,0.0,0.0,1.9029,ACAgent,LightingAgent
simulation-estimated,sarab,1,22,classroom_1,normal,0,0,29.87,0.18,0,24.0,24.0,0.9855,0.0,0.0,0.9855,ACAgent,LightingAgent
simulation-estimated,sarab,1,22,classroom_2,normal,0,0,29.87,0.18,0,24.0,24.0,0.9855,0.0,0.0,0.9855,ACAgent,LightingAgent
simulation-estimated,sarab,1,22,office_1,normal,0,0,29.87,0.18,0,24.0,24.0,0.7884,0.0,0.0,0.7884,ACAgent,LightingAgent
simulation-estimated,sarab,1,22,corridor_1,normal,0,0,29.87,0.18,0,24.0,24.0,0.9385,0.0,0.0,0.9385,ACAgent,LightingAgent
simulation-estimated,sarab,1,22,or_1,critical,0,0,29.87,0.18,0,20.0,20.0,1.5785,0.0,0.0,1.5785,ACAgent,LightingAgent
simulation-estimated,sarab,1,23,classroom_1,normal,0,0,27.43,0.18,0,24.0,24.0,0.5759,0.0,0.0,0.5759,ACAgent,LightingAgent
simulation-estimated,sarab,1,23,classroom_2,normal,0,0,27.43,0.18,0,24.0,24.0,0.5759,0.0,0.0,0.5759,ACAgent,LightingAgent
simulation-estimated,sarab,1,23,office_1,normal,0,0,27.43,0.18,0,24.0,24.0,0.4607,0.0,0.0,0.4607,ACAgent,LightingAgent
simulation-estimated,sarab,1,23,corridor_1,normal,0,0,27.43,0.18,0,24.0,24.0,0.5485,0.0,0.0,0.5485,ACAgent,LightingAgent
simulation-estimated,sarab,1,23,or_1,critical,0,0,27.43,0.18,0,20.0,20.0,1.1885,0.0,0.0,1.1885,ACAgent,LightingAgent
simulation-estimated,sarab,2,0,classroom_1,normal,1,0,26.76,0.18,0,24.0,24.0,0.8831,1.0,0.84,1.7231,ComfortAgent,LightingAgent
simulation-estimated,sarab,2,0,classroom_2,normal,0,0,26.76,0.18,0,24.0,24.0,0.4631,0.0,0.0,0.4631,ACAgent,LightingAgent
simulation-estimated,sarab,2,0,office_1,normal,0,0,26.76,0.18,0,24.0,24.0,0.3705,0.0,0.0,0.3705,ACAgent,LightingAgent
simulation-estimated,sarab,2,0,corridor_1,normal,0,0,26.76,0.18,0,24.0,24.0,0.4411,0.0,0.0,0.4411,ACAgent,LightingAgent
simulation-estimated,sarab,2,0,or_1,critical,0,0,26.76,0.18,0,20.0,20.0,1.0811,0.0,0.0,1.0811,ACAgent,LightingAgent
simulation-estimated,sarab,2,1,classroom_1,normal,0,0,25.73,0.18,0,24.0,24.0,0.2909,0.0,0.0,0.2909,ACAgent,LightingAgent
simulation-estimated,sarab,2,1,classroom_2,normal,0,0,25.73,0.18,0,24.0,24.0,0.2909,0.0,0.0,0.2909,ACAgent,LightingAgent
simulation-estimated,sarab,2,1,office_1,normal,0,0,25.73,0.18,0,24.0,24.0,0.2327,0.0,0.0,0.2327,ACAgent,LightingAgent
simulation-estimated,sarab,2,1,corridor_1,normal,0,0,25.73,0.18,0,24.0,24.0,0.277,0.0,0.0,0.277,ACAgent,LightingAgent
simulation-estimated,sarab,2,1,or_1,critical,0,0,25.73,0.18,0,20.0,20.0,0.917,0.0,0.0,0.917,ACAgent,LightingAgent
simulation-estimated,sarab,2,2,classroom_1,normal,0,0,24.85,0.18,0,24.0,24.0,0.1431,0.0,0.0,0.1431,ACAgent,LightingAgent
simulation-estimated,sarab,2,2,classroom_2,normal,0,0,24.85,0.18,0,24.0,24.0,0.1431,0.0,0.0,0.1431,ACAgent,LightingAgent
simulation-estimated,sarab,2,2,office_1,normal,0,0,24.85,0.18,0,24.0,24.0,0.1145,0.0,0.0,0.1145,ACAgent,LightingAgent
simulation-estimated,sarab,2,2,corridor_1,normal,0,0,24.85,0.18,0,24.0,24.0,0.1363,0.0,0.0,0.1363,ACAgent,LightingAgent
simulation-estimated,sarab,2,2,or_1,critical,0,0,24.85,0.18,0,20.0,20.0,0.7763,0.0,0.0,0.7763,ACAgent,LightingAgent
simulation-estimated,sarab,2,3,classroom_1,normal,0,0,24.55,0.18,0,24.0,24.0,0.0923,0.0,0.0,0.0923,ACAgent,LightingAgent
simulation-estimated,sarab,2,3,classroom_2,normal,0,0,24.55,0.18,0,24.0,24.0,0.0923,0.0,0.0,0.0923,ACAgent,LightingAgent
simulation-estimated,sarab,2,3,office_1,normal,0,0,24.55,0.18,0,24.0,24.0,0.0738,0.0,0.0,0.0738,ACAgent,LightingAgent
simulation-estimated,sarab,2,3,corridor_1,normal,0,0,24.55,0.18,0,24.0,24.0,0.0879,0.0,0.0,0.0879,ACAgent,LightingAgent
simulation-estimated,sarab,2,3,or_1,critical,0,0,24.55,0.18,0,20.0,20.0,0.7279,0.0,0.0,0.7279,ACAgent,LightingAgent
simulation-estimated,sarab,2,4,classroom_1,normal,0,0,24.91,0.18,0,24.0,24.0,0.1523,0.0,0.0,0.1523,ACAgent,LightingAgent
simulation-estimated,sarab,2,4,classroom_2,normal,0,0,24.91,0.18,0,24.0,24.0,0.1523,0.0,0.0,0.1523,ACAgent,LightingAgent
simulation-estimated,sarab,2,4,office_1,normal,0,0,24.91,0.18,0,24.0,24.0,0.1218,0.0,0.0,0.1218,ACAgent,LightingAgent
simulation-estimated,sarab,2,4,corridor_1,normal,0,0,24.91,0.18,0,24.0,24.0,0.145,0.0,0.0,0.145,ACAgent,LightingAgent
simulation-estimated,sarab,2,4,or_1,critical,0,0,24.91,0.18,0,20.0,20.0,0.785,0.0,0.0,0.785,ACAgent,LightingAgent
simulation-estimated,sarab,2,5,classroom_1,normal,0,0,25.33,0.18,0,24.0,24.0,0.2234,0.0,0.0,0.2234,ACAgent,LightingAgent
simulation-estimated,sarab,2,5,classroom_2,normal,0,0,25.33,0.18,0,24.0,24.0,0.2234,0.0,0.0,0.2234,ACAgent,LightingAgent
simulation-estimated,sarab,2,5,office_1,normal,0,0,25.33,0.18,0,24.0,24.0,0.1787,0.0,0.0,0.1787,ACAgent,LightingAgent
simulation-estimated,sarab,2,5,corridor_1,normal,0,0,25.33,0.18,0,24.0,24.0,0.2127,0.0,0.0,0.2127,ACAgent,LightingAgent
simulation-estimated,sarab,2,5,or_1,critical,0,0,25.33,0.18,0,20.0,20.0,0.8527,0.0,0.0,0.8527,ACAgent,LightingAgent
simulation-estimated,sarab,2,6,classroom_1,normal,0,1,27.04,0.18,0,24.0,24.0,0.5115,0.0,0.0,0.5115,ACAgent,LightingAgent
simulation-estimated,sarab,2,6,classroom_2,normal,0,1,27.04,0.18,0,24.0,24.0,0.5115,0.0,0.0,0.5115,ACAgent,LightingAgent
simulation-estimated,sarab,2,6,office_1,normal,0,1,27.04,0.18,0,24.0,24.0,0.4092,0.0,0.0,0.4092,ACAgent,LightingAgent
simulation-estimated,sarab,2,6,corridor_1,normal,0,0,27.04,0.18,0,24.0,24.0,0.4871,0.0,0.0,0.4871,ACAgent,LightingAgent
simulation-estimated,sarab,2,6,or_1,critical,0,0,27.04,0.18,0,20.0,20.0,1.1271,0.0,0.0,1.1271,ACAgent,LightingAgent
simulation-estimated,sarab,2,7,classroom_1,normal,1,1,28.54,0.18,0,24.0,24.0,1.1833,0.4,0.336,1.5193,ComfortAgent,LightingAgent
simulation-estimated,sarab,2,7,classroom_2,normal,0,1,28.54,0.18,0,24.0,24.0,0.7633,0.0,0.0,0.7633,ACAgent,LightingAgent
simulation-estimated,sarab,2,7,office_1,normal,1,1,28.54,0.18,0,24.0,24.0,0.9466,0.4,0.168,1.1146,ComfortAgent,LightingAgent
simulation-estimated,sarab,2,7,corridor_1,normal,1,0,28.54,0.18,0,24.0,24.0,1.1269,1.0,0.6,1.7269,ComfortAgent,LightingAgent
simulation-estimated,sarab,2,7,or_1,critical,0,0,28.54,0.18,0,20.0,20.0,1.3669,0.0,0.0,1.3669,ACAgent,LightingAgent
simulation-estimated,sarab,2,8,classroom_1,normal,1,1,30.49,0.18,0,24.0,24.0,1.5099,0.4,0.336,1.8459,ComfortAgent,LightingAgent
simulation-estimated,sarab,2,8,classroom_2,normal,0,1,30.49,0.18,0,24.0,24.0,1.0899,0.0,0.0,1.0899,ACAgent,LightingAgent
simulation-estimated,sarab,2,8,office_1,normal,1,1,30.49,0.18,0,24.0,24.0,1.208,0.4,0.168,1.376,ComfortAgent,LightingAgent
simulation-estimated,sarab,2,8,corridor_1,normal,0,0,30.49,0.18,0,24.0,24.0,1.038,0.0,0.0,1.038,ACAgent,LightingAgent
simulation-estimated,sarab,2,8,or_1,critical,1,0,30.49,0.18,0,20.0,20.0,2.078,1.0,0.3,2.378,CostAgent,LightingAgent
simulation-estimated,sarab,2,9,classroom_1,normal,1,1,33.21,0.18,0,24.0,24.0,1.9673,0.4,0.336,2.3033,ComfortAgent,LightingAgent
simulation-estimated,sarab,2,9,classroom_2,normal,1,1,33.21,0.18,0,24.0,24.0,1.9673,0.4,0.336,2.3033,ComfortAgent,LightingAgent
simulation-estimated,sarab,2,9,office_1,normal,1,1,33.21,0.18,0,24.0,24.0,1.5738,0.4,0.168,1.7418,ComfortAgent,LightingAgent
simulation-estimated,sarab,2,9,corridor_1,normal,0,0,33.21,0.18,0,24.0,24.0,1.4736,0.0,0.0,1.4736,ACAgent,LightingAgent
simulation-estimated,sarab,2,9,or_1,critical,1,0,33.21,0.18,0,20.0,20.0,2.5136,1.0,0.3,2.8136,CostAgent,LightingAgent
simulation-estimated,sarab,2,10,classroom_1,normal,1,1,35.4,0.18,0,24.0,24.0,2.3344,0.4,0.336,2.6704,ComfortAgent,LightingAgent
simulation-estimated,sarab,2,10,classroom_2,normal,1,1,35.4,0.18,0,24.0,24.0,2.3344,0.4,0.336,2.6704,ComfortAgent,LightingAgent
simulation-estimated,sarab,2,10,office_1,normal,1,1,35.4,0.18,0,24.0,24.0,1.8675,0.4,0.168,2.0355,ComfortAgent,LightingAgent
simulation-estimated,sarab,2,10,corridor_1,normal,0,0,35.4,0.18,0,24.0,24.0,1.8232,0.0,0.0,1.8232,ACAgent,LightingAgent
simulation-estimated,sarab,2,10,or_1,critical,1,0,35.4,0.18,0,20.0,20.0,2.8632,1.0,0.3,3.1632,CostAgent,LightingAgent
simulation-estimated,sarab,2,11,classroom_1,normal,1,1,37.16,0.18,0,24.0,24.0,2.6309,0.4,0.336,2.9669,ComfortAgent,LightingAgent
simulation-estimated,sarab,2,11,classroom_2,normal,1,1,37.16,0.18,0,24.0,24.0,2.6309,0.4,0.336,2.9669,ComfortAgent,LightingAgent
simulation-estimated,sarab,2,11,office_1,normal,1,1,37.16,0.18,0,24.0,24.0,2.1047,0.4,0.168,2.2727,ComfortAgent,LightingAgent
simulation-estimated,sarab,2,11,corridor_1,normal,0,0,37.16,0.18,0,24.0,24.0,2.1056,0.0,0.0,2.1056,ACAgent,LightingAgent
simulation-estimated,sarab,2,11,or_1,critical,0,0,37.16,0.18,0,20.0,20.0,2.7456,0.0,0.0,2.7456,ACAgent,LightingAgent
simulation-estimated,sarab,2,12,classroom_1,normal,0,1,38.44,0.32,1,25.5,25.5,0.7454,0.0,0.0,0.7454,CostAgent,LightingAgent
simulation-estimated,sarab,2,12,classroom_2,normal,0,1,38.44,0.32,1,25.5,25.5,0.7454,0.0,0.0,0.7454,CostAgent,LightingAgent
simulation-estimated,sarab,2,12,office_1,normal,0,1,38.44,0.32,1,25.5,25.5,1.1003,0.0,0.0,1.1003,CostAgent,LightingAgent
simulation-estimated,sarab,2,12,corridor_1,normal,0,0,38.44,0.32,1,25.5,25.5,1.1099,0.0,0.0,1.1099,CostAgent,LightingAgent
simulation-estimated,sarab,2,12,or_1,critical,0,0,38.44,0.32,1,20.0,20.0,2.9499,0.0,0.0,2.9499,ACAgent,LightingAgent
simulation-estimated,sarab,2,13,classroom_1,normal,1,1,40.08,0.32,1,25.5,25.5,2.8691,0.4,0.336,3.2051,CostAgent,LightingAgent
simulation-estimated,sarab,2,13,classroom_2,normal,1,1,40.08,0.32,1,25.5,25.5,2.8691,0.4,0.336,3.2051,CostAgent,LightingAgent
simulation-estimated,sarab,2,13,office_1,normal,1,1,40.08,0.32,1,25.5,25.5,2.2952,0.4,0.168,2.4632,CostAgent,LightingAgent
simulation-estimated,sarab,2,13,corridor_1,normal,1,0,40.08,0.32,1,25.5,25.5,2.7324,1.0,0.6,3.3324,CostAgent,LightingAgent
simulation-estimated,sarab,2,13,or_1,critical,0,0,40.08,0.32,1,20.0,20.0,3.2124,0.0,0.0,3.2124,ACAgent,LightingAgent
simulation-estimated,sarab,2,14,classroom_1,normal,1,1,41.21,0.32,1,25.5,25.5,3.0595,0.4,0.336,3.3955,CostAgent,LightingAgent
simulation-estimated,sarab,2,14,classroom_2,normal,1,1,41.21,0.32,1,25.5,25.5,3.0595,0.4,0.336,3.3955,CostAgent,LightingAgent
simulation-estimated,sarab,2,14,office_1,normal,1,1,41.21,0.32,1,25.5,25.5,2.4476,0.4,0.168,2.6156,CostAgent,LightingAgent
simulation-estimated,sarab,2,14,corridor_1,normal,0,0,41.21,0.32,1,24.0,24.0,3.7138,0.0,0.0,3.7138,ComfortAgent,LightingAgent
simulation-estimated,sarab,2,14,or_1,critical,1,0,41.21,0.32,1,20.0,20.0,3.7938,1.0,0.3,4.0938,CostAgent,LightingAgent
simulation-estimated,sarab,2,15,classroom_1,normal,1,1,41.03,0.32,1,25.5,25.5,3.0285,0.4,0.336,3.3645,CostAgent,LightingAgent
simulation-estimated,sarab,2,15,classroom_2,normal,0,1,41.03,0.32,1,24.0,24.0,4.2885,0.0,0.0,4.2885,ComfortAgent,LightingAgent
simulation-estimated,sarab,2,15,office_1,normal,1,1,41.03,0.32,1,25.5,25.5,2.4228,0.4,0.168,2.5908,CostAgent,LightingAgent
simulation-estimated,sarab,2,15,corridor_1,normal,0,0,41.03,0.32,1,25.5,25.5,1.5243,0.0,0.0,1.5243,CostAgent,LightingAgent
simulation-estimated,sarab,2,15,or_1,critical,0,0,41.03,0.32,1,20.0,20.0,3.3643,0.0,0.0,3.3643,ACAgent,LightingAgent
simulation-estimated,sarab,2,16,classroom_1,normal,0,1,40.88,0.32,1,24.0,24.0,4.2632,0.0,0.0,4.2632,ComfortAgent,LightingAgent
simulation-estimated,sarab,2,16,classroom_2,normal,1,1,40.88,0.32,1,25.5,25.5,1.5752,0.4,0.336,1.9112,CostAgent,LightingAgent
simulation-estimated,sarab,2,16,office_1,normal,1,1,40.88,0.32,1,25.5,25.5,2.4026,0.4,0.168,2.5706,CostAgent,LightingAgent
simulation-estimated,sarab,2,16,corridor_1,normal,1,0,40.88,0.32,1,25.5,25.5,2.8602,1.0,0.6,3.4602,CostAgent,LightingAgent
simulation-estimated,sarab,2,16,or_1,critical,0,0,40.88,0.32,1,20.0,20.0,3.3402,0.0,0.0,3.3402,ACAgent,LightingAgent
simulation-estimated,sarab,2,17,classroom_1,normal,0,1,40.31,0.18,0,24.0,24.0,2.7401,0.0,0.0,2.7401,ACAgent,LightingAgent
simulation-estimated,sarab,2,17,classroom_2,normal,0,1,40.31,0.18,0,24.0,24.0,4.1681,0.0,0.0,4.1681,ComfortAgent,LightingAgent
simulation-estimated,sarab,2,17,office_1,normal,1,1,40.31,0.18,0,24.0,24.0,3.1665,0.4,0.168,3.3345,ComfortAgent,LightingAgent
simulation-estimated,sarab,2,17,corridor_1,normal,1,0,40.31,0.18,0,24.0,24.0,3.9696,1.0,0.6,4.5696,ComfortAgent,LightingAgent
simulation-estimated,sarab,2,17,or_1,critical,0,0,40.31,0.18,0,20.0,20.0,3.2496,0.0,0.0,3.2496,ACAgent,LightingAgent
simulation-estimated,sarab,2,18,classroom_1,normal,0,0,39.07,0.18,0,24.0,24.0,2.5321,0.0,0.0,2.5321,ACAgent,LightingAgent
simulation-estimated,sarab,2,18,classroom_2,normal,0,0,39.07,0.18,0,24.0,24.0,2.5321,0.0,0.0,2.5321,ACAgent,LightingAgent
simulation-estimated,sarab,2,18,office_1,normal,0,0,39.07,0.18,0,24.0,24.0,2.0257,0.0,0.0,2.0257,ACAgent,LightingAgent
simulation-estimated,sarab,2,18,corridor_1,normal,0,0,39.07,0.18,0,24.0,24.0,2.4116,0.0,0.0,2.4116,ACAgent,LightingAgent
simulation-estimated,sarab,2,18,or_1,critical,0,0,39.07,0.18,0,20.0,20.0,3.0516,0.0,0.0,3.0516,ACAgent,LightingAgent
simulation-estimated,sarab,2,19,classroom_1,normal,0,0,37.33,0.18,0,24.0,24.0,2.2394,0.0,0.0,2.2394,ACAgent,LightingAgent
simulation-estimated,sarab,2,19,classroom_2,normal,0,0,37.33,0.18,0,24.0,24.0,2.2394,0.0,0.0,2.2394,ACAgent,LightingAgent
simulation-estimated,sarab,2,19,office_1,normal,0,0,37.33,0.18,0,24.0,24.0,1.7915,0.0,0.0,1.7915,ACAgent,LightingAgent
simulation-estimated,sarab,2,19,corridor_1,normal,0,0,37.33,0.18,0,24.0,24.0,2.1328,0.0,0.0,2.1328,ACAgent,LightingAgent
simulation-estimated,sarab,2,19,or_1,critical,1,0,37.33,0.18,0,20.0,20.0,3.1728,1.0,0.3,3.4728,CostAgent,LightingAgent
simulation-estimated,sarab,2,20,classroom_1,normal,0,0,34.82,0.18,0,24.0,24.0,1.8179,0.0,0.0,1.8179,ACAgent,LightingAgent
simulation-estimated,sarab,2,20,classroom_2,normal,0,0,34.82,0.18,0,24.0,24.0,1.8179,0.0,0.0,1.8179,ACAgent,LightingAgent
simulation-estimated,sarab,2,20,office_1,normal,0,0,34.82,0.18,0,24.0,24.0,1.4543,0.0,0.0,1.4543,ACAgent,LightingAgent
simulation-estimated,sarab,2,20,corridor_1,normal,0,0,34.82,0.18,0,24.0,24.0,1.7313,0.0,0.0,1.7313,ACAgent,LightingAgent
simulation-estimated,sarab,2,20,or_1,critical,0,0,34.82,0.18,0,20.0,20.0,2.3713,0.0,0.0,2.3713,ACAgent,LightingAgent
simulation-estimated,sarab,2,21,classroom_1,normal,0,0,32.58,0.18,0,24.0,24.0,1.4415,0.0,0.0,1.4415,ACAgent,LightingAgent
simulation-estimated,sarab,2,21,classroom_2,normal,0,0,32.58,0.18,0,24.0,24.0,1.4415,0.0,0.0,1.4415,ACAgent,LightingAgent
simulation-estimated,sarab,2,21,office_1,normal,0,0,32.58,0.18,0,24.0,24.0,1.1532,0.0,0.0,1.1532,ACAgent,LightingAgent
simulation-estimated,sarab,2,21,corridor_1,normal,0,0,32.58,0.18,0,24.0,24.0,1.3729,0.0,0.0,1.3729,ACAgent,LightingAgent
simulation-estimated,sarab,2,21,or_1,critical,1,0,32.58,0.18,0,20.0,20.0,2.4129,1.0,0.3,2.7129,CostAgent,LightingAgent
simulation-estimated,sarab,2,22,classroom_1,normal,0,0,30.83,0.18,0,24.0,24.0,1.1468,0.0,0.0,1.1468,ACAgent,LightingAgent
simulation-estimated,sarab,2,22,classroom_2,normal,0,0,30.83,0.18,0,24.0,24.0,1.1468,0.0,0.0,1.1468,ACAgent,LightingAgent
simulation-estimated,sarab,2,22,office_1,normal,0,0,30.83,0.18,0,24.0,24.0,0.9174,0.0,0.0,0.9174,ACAgent,LightingAgent
simulation-estimated,sarab,2,22,corridor_1,normal,0,0,30.83,0.18,0,24.0,24.0,1.0921,0.0,0.0,1.0921,ACAgent,LightingAgent
simulation-estimated,sarab,2,22,or_1,critical,0,0,30.83,0.18,0,20.0,20.0,1.7321,0.0,0.0,1.7321,ACAgent,LightingAgent
simulation-estimated,sarab,2,23,classroom_1,normal,0,0,28.59,0.18,0,24.0,24.0,0.771,0.0,0.0,0.771,ACAgent,LightingAgent
simulation-estimated,sarab,2,23,classroom_2,normal,0,0,28.59,0.18,0,24.0,24.0,0.771,0.0,0.0,0.771,ACAgent,LightingAgent
simulation-estimated,sarab,2,23,office_1,normal,0,0,28.59,0.18,0,24.0,24.0,0.6168,0.0,0.0,0.6168,ACAgent,LightingAgent
simulation-estimated,sarab,2,23,corridor_1,normal,0,0,28.59,0.18,0,24.0,24.0,0.7343,0.0,0.0,0.7343,ACAgent,LightingAgent
simulation-estimated,sarab,2,23,or_1,critical,0,0,28.59,0.18,0,20.0,20.0,1.3743,0.0,0.0,1.3743,ACAgent,LightingAgent
simulation-estimated,sarab,3,0,classroom_1,normal,0,0,26.79,0.18,0,24.0,24.0,0.4693,0.0,0.0,0.4693,ACAgent,LightingAgent
simulation-estimated,sarab,3,0,classroom_2,normal,0,0,26.79,0.18,0,24.0,24.0,0.4693,0.0,0.0,0.4693,ACAgent,LightingAgent
simulation-estimated,sarab,3,0,office_1,normal,0,0,26.79,0.18,0,24.0,24.0,0.3754,0.0,0.0,0.3754,ACAgent,LightingAgent
simulation-estimated,sarab,3,0,corridor_1,normal,0,0,26.79,0.18,0,24.0,24.0,0.4469,0.0,0.0,0.4469,ACAgent,LightingAgent
simulation-estimated,sarab,3,0,or_1,critical,0,0,26.79,0.18,0,20.0,20.0,1.0869,0.0,0.0,1.0869,ACAgent,LightingAgent
simulation-estimated,sarab,3,1,classroom_1,normal,0,0,25.48,0.18,0,24.0,24.0,0.2493,0.0,0.0,0.2493,ACAgent,LightingAgent
simulation-estimated,sarab,3,1,classroom_2,normal,0,0,25.48,0.18,0,24.0,24.0,0.2493,0.0,0.0,0.2493,ACAgent,LightingAgent
simulation-estimated,sarab,3,1,office_1,normal,0,0,25.48,0.18,0,24.0,24.0,0.1994,0.0,0.0,0.1994,ACAgent,LightingAgent
simulation-estimated,sarab,3,1,corridor_1,normal,0,0,25.48,0.18,0,24.0,24.0,0.2374,0.0,0.0,0.2374,ACAgent,LightingAgent
simulation-estimated,sarab,3,1,or_1,critical,0,0,25.48,0.18,0,20.0,20.0,0.8774,0.0,0.0,0.8774,ACAgent,LightingAgent
simulation-estimated,sarab,3,2,classroom_1,normal,0,0,24.44,0.18,0,24.0,24.0,0.0738,0.0,0.0,0.0738,ACAgent,LightingAgent
simulation-estimated,sarab,3,2,classroom_2,normal,0,0,24.44,0.18,0,24.0,24.0,0.0738,0.0,0.0,0.0738,ACAgent,LightingAgent
simulation-estimated,sarab,3,2,office_1,normal,0,0,24.44,0.18,0,24.0,24.0,0.059,0.0,0.0,0.059,ACAgent,LightingAgent
simulation-estimated,sarab,3,2,corridor_1,normal,0,0,24.44,0.18,0,24.0,24.0,0.0702,0.0,0.0,0.0702,ACAgent,LightingAgent
simulation-estimated,sarab,3,2,or_1,critical,0,0,24.44,0.18,0,20.0,20.0,0.7102,0.0,0.0,0.7102,ACAgent,LightingAgent
simulation-estimated,sarab,3,3,classroom_1,normal,0,0,24.27,0.18,0,24.0,24.0,0.0455,0.0,0.0,0.0455,ACAgent,LightingAgent
simulation-estimated,sarab,3,3,classroom_2,normal,0,0,24.27,0.18,0,24.0,24.0,0.0455,0.0,0.0,0.0455,ACAgent,LightingAgent
simulation-estimated,sarab,3,3,office_1,normal,0,0,24.27,0.18,0,24.0,24.0,0.0364,0.0,0.0,0.0364,ACAgent,LightingAgent
simulation-estimated,sarab,3,3,corridor_1,normal,0,0,24.27,0.18,0,24.0,24.0,0.0434,0.0,0.0,0.0434,ACAgent,LightingAgent
simulation-estimated,sarab,3,3,or_1,critical,0,0,24.27,0.18,0,20.0,20.0,0.6834,0.0,0.0,0.6834,ACAgent,LightingAgent
simulation-estimated,sarab,3,4,classroom_1,normal,0,0,24.49,0.18,0,24.0,24.0,0.0826,0.0,0.0,0.0826,ACAgent,LightingAgent
simulation-estimated,sarab,3,4,classroom_2,normal,0,0,24.49,0.18,0,24.0,24.0,0.0826,0.0,0.0,0.0826,ACAgent,LightingAgent
simulation-estimated,sarab,3,4,office_1,normal,0,0,24.49,0.18,0,24.0,24.0,0.066,0.0,0.0,0.066,ACAgent,LightingAgent
simulation-estimated,sarab,3,4,corridor_1,normal,0,0,24.49,0.18,0,24.0,24.0,0.0786,0.0,0.0,0.0786,ACAgent,LightingAgent
simulation-estimated,sarab,3,4,or_1,critical,0,0,24.49,0.18,0,20.0,20.0,0.7186,0.0,0.0,0.7186,ACAgent,LightingAgent
simulation-estimated,sarab,3,5,classroom_1,normal,0,0,25.23,0.18,0,24.0,24.0,0.2074,0.0,0.0,0.2074,ACAgent,LightingAgent
simulation-estimated,sarab,3,5,classroom_2,normal,0,0,25.23,0.18,0,24.0,24.0,0.2074,0.0,0.0,0.2074,ACAgent,LightingAgent
simulation-estimated,sarab,3,5,office_1,normal,0,0,25.23,0.18,0,24.0,24.0,0.1659,0.0,0.0,0.1659,ACAgent,LightingAgent
simulation-estimated,sarab,3,5,corridor_1,normal,0,0,25.23,0.18,0,24.0,24.0,0.1975,0.0,0.0,0.1975,ACAgent,LightingAgent
simulation-estimated,sarab,3,5,or_1,critical,0,0,25.23,0.18,0,20.0,20.0,0.8375,0.0,0.0,0.8375,ACAgent,LightingAgent
simulation-estimated,sarab,3,6,classroom_1,normal,0,1,26.73,0.18,0,24.0,24.0,0.4581,0.0,0.0,0.4581,ACAgent,LightingAgent
simulation-estimated,sarab,3,6,classroom_2,normal,0,1,26.73,0.18,0,24.0,24.0,0.4581,0.0,0.0,0.4581,ACAgent,LightingAgent
simulation-estimated,sarab,3,6,office_1,normal,0,1,26.73,0.18,0,24.0,24.0,0.3664,0.0,0.0,0.3664,ACAgent,LightingAgent
simulation-estimated,sarab,3,6,corridor_1,normal,0,0,26.73,0.18,0,24.0,24.0,0.4362,0.0,0.0,0.4362,ACAgent,LightingAgent
simulation-estimated,sarab,3,6,or_1,critical,1,0,26.73,0.18,0,20.0,20.0,1.4762,1.0,0.3,1.7762,CostAgent,LightingAgent
simulation-estimated,sarab,3,7,classroom_1,normal,0,1,28.3,0.18,0,24.0,24.0,0.7226,0.0,0.0,0.7226,ACAgent,LightingAgent
simulation-estimated,sarab,3,7,classroom_2,normal,0,1,28.3,0.18,0,24.0,24.0,0.7226,0.0,0.0,0.7226,ACAgent,LightingAgent
simulation-estimated,sarab,3,7,office_1,normal,0,1,28.3,0.18,0,24.0,24.0,0.5781,0.0,0.0,0.5781,ACAgent,LightingAgent
simulation-estimated,sarab,3,7,corridor_1,normal,1,0,28.3,0.18,0,24.0,24.0,1.0882,1.0,0.6,1.6882,ComfortAgent,LightingAgent
simulation-estimated,sarab,3,7,or_1,critical,0,0,28.3,0.18,0,20.0,20.0,1.3282,0.0,0.0,1.3282,ACAgent,LightingAgent
simulation-estimated,sarab,3,8,classroom_1,normal,1,1,30.51,0.18,0,24.0,24.0,1.5131,0.4,0.336,1.8491,ComfortAgent,LightingAgent
simulation-estimated,sarab,3,8,classroom_2,normal,1,1,30.51,0.18,0,24.0,24.0,1.5131,0.4,0.336,1.8491,ComfortAgent,LightingAgent
simulation-estimated,sarab,3,8,office_1,normal,1,1,30.51,0.18,0,24.0,24.0,1.2105,0.4,0.168,1.3785,ComfortAgent,LightingAgent
simulation-estimated,sarab,3,8,corridor_1,normal,0,0,30.51,0.18,0,24.0,24.0,1.0411,0.0,0.0,1.0411,ACAgent,LightingAgent
simulation-estimated,sarab,3,8,or_1,critical,1,0,30.51,0.18,0,20.0,20.0,2.0811,1.0,0.3,2.3811,CostAgent,LightingAgent
simulation-estimated,sarab,3,9,classroom_1,normal,1,1,32.54,0.18,0,24.0,24.0,1.8545,0.4,0.336,2.1905,ComfortAgent,LightingAgent
simulation-estimated,sarab,3,9,classroom_2,normal,1,1,32.54,0.18,0,24.0,24.0,1.8545,0.4,0.336,2.1905,ComfortAgent,LightingAgent
simulation-estimated,sarab,3,9,office_1,normal,1,1,32.54,0.18,0,24.0,24.0,1.4836,0.4,0.168,1.6516,ComfortAgent,LightingAgent
simulation-estimated,sarab,3,9,corridor_1,normal,0,0,32.54,0.18,0,24.0,24.0,1.3662,0.0,0.0,1.3662,ACAgent,LightingAgent
simulation-estimated,sarab,3,9,or_1,critical,1,0,32.54,0.18,0,20.0,20.0,2.4062,1.0,0.3,2.7062,CostAgent,LightingAgent
simulation-estimated,sarab,3,10,classroom_1,normal,1,1,34.97,0.18,0,24.0,24.0,2.2625,0.4,0.336,2.5985,ComfortAgent,LightingAgent
simulation-estimated,sarab,3,10,classroom_2,normal,1,1,34.97,0.18,0,24.0,24.0,2.2625,0.4,0.336,2.5985,ComfortAgent,LightingAgent
simulation-estimated,sarab,3,10,office_1,normal,1,1,34.97,0.18,0,24.0,24.0,1.81,0.4,0.168,1.978,ComfortAgent,LightingAgent
simulation-estimated,sarab,3,10,corridor_1,normal,1,0,34.97,0.18,0,24.0,24.0,2.1548,1.0,0.6,2.7548,ComfortAgent,LightingAgent
simulation-estimated,sarab,3,10,or_1,critical,0,0,34.97,0.18,0,20.0,20.0,2.3948,0.0,0.0,2.3948,ACAgent,LightingAgent
simulation-estimated,sarab,3,11,classroom_1,normal,1,1,36.63,0.18,0,24.0,24.0,2.5415,0.4,0.336,2.8775,ComfortAgent,LightingAgent
simulation-estimated,sarab,3,11,classroom_2,normal,1,1,36.63,0.18,0,24.0,24.0,2.5415,0.4,0.336,2.8775,ComfortAgent,LightingAgent
simulation-estimated,sarab,3,11,office_1,normal,1,1,36.63,0.18,0,24.0,24.0,2.0332,0.4,0.168,2.2012,ComfortAgent,LightingAgent
simulation-estimated,sarab,3,11,corridor_1,normal,0,0,36.63,0.18,0,24.0,24.0,2.0205,0.0,0.0,2.0205,ACAgent,LightingAgent
simulation-estimated,sarab,3,11,or_1,critical,1,0,36.63,0.18,0,20.0,20.0,3.0605,1.0,0.3,3.3605,CostAgent,LightingAgent
simulation-estimated,sarab,3,12,classroom_1,normal,0,1,38.89,0.32,1,25.5,25.5,0.8214,0.0,0.0,0.8214,CostAgent,LightingAgent
simulation-estimated,sarab,3,12,classroom_2,normal,0,1,38.89,0.32,1,25.5,25.5,0.8214,0.0,0.0,0.8214,CostAgent,LightingAgent
simulation-estimated,sarab,3,12,office_1,normal,0,1,38.89,0.32,1,25.5,25.5,1.1611,0.0,0.0,1.1611,CostAgent,LightingAgent
simulation-estimated,sarab,3,12,corridor_1,normal,1,0,38.89,0.32,1,25.5,25.5,1.5822,1.0,0.6,2.1822,CostAgent,LightingAgent
simulation-estimated,sarab,3,12,or_1,critical,1,0,38.89,0.32,1,20.0,20.0,3.4222,1.0,0.3,3.7222,CostAgent,LightingAgent
simulation-estimated,sarab,3,13,classroom_1,normal,1,1,39.65,0.32,1,25.5,25.5,2.7966,0.4,0.336,3.1326,CostAgent,LightingAgent
simulation-estimated,sarab,3,13,classroom_2,normal,0,1,39.65,0.32,1,24.0,24.0,4.0566,0.0,0.0,4.0566,ComfortAgent,LightingAgent
simulation-estimated,sarab,3,13,office_1,normal,1,1,39.65,0.32,1,25.5,25.5,2.2373,0.4,0.168,2.4053,CostAgent,LightingAgent
simulation-estimated,sarab,3,13,corridor_1,normal,0,0,39.65,0.32,1,24.0,24.0,3.4634,0.0,0.0,3.4634,ComfortAgent,LightingAgent
simulation-estimated,sarab,3,13,or_1,critical,0,0,39.65,0.32,1,20.0,20.0,3.1434,0.0,0.0,3.1434,ACAgent,LightingAgent
simulation-estimated,sarab,3,14,classroom_1,normal,1,1,41.0,0.32,1,25.5,25.5,3.0242,0.4,0.336,3.3602,CostAgent,LightingAgent
simulation-estimated,sarab,3,14,classroom_2,normal,0,1,41.0,0.32,1,25.5,25.5,1.1762,0.0,0.0,1.1762,CostAgent,LightingAgent
simulation-estimated,sarab,3,14,office_1,normal,1,1,41.0,0.32,1,25.5,25.5,2.4194,0.4,0.168,2.5874,CostAgent,LightingAgent
simulation-estimated,sarab,3,14,corridor_1,normal,1,0,41.0,0.32,1,25.5,25.5,1.9202,1.0,0.6,2.5202,CostAgent,LightingAgent
simulation-estimated,sarab,3,14,or_1,critical,1,0,41.0,0.32,1,20.0,20.0,3.7602,1.0,0.3,4.0602,CostAgent,LightingAgent
simulation-estimated,sarab,3,15,classroom_1,normal,1,1,40.87,0.32,1,25.5,25.5,3.0023,0.4,0.336,3.3383,CostAgent,LightingAgent
simulation-estimated,sarab,3,15,classroom_2,normal,1,1,40.87,0.32,1,25.5,25.5,3.0023,0.4,0.336,3.3383,CostAgent,LightingAgent
simulation-estimated,sarab,3,15,office_1,normal,1,1,40.87,0.32,1,25.5,25.5,2.4018,0.4,0.168,2.5698,CostAgent,LightingAgent
simulation-estimated,sarab,3,15,corridor_1,normal,0,0,40.87,0.32,1,24.0,24.0,3.6593,0.0,0.0,3.6593,ComfortAgent,LightingAgent
simulation-estimated,sarab,3,15,or_1,critical,0,0,40.87,0.32,1,20.0,20.0,3.3393,0.0,0.0,3.3393,ACAgent,LightingAgent
simulation-estimated,sarab,3,16,classroom_1,normal,0,1,40.61,0.32,1,24.0,24.0,4.2192,0.0,0.0,4.2192,ComfortAgent,LightingAgent
simulation-estimated,sarab,3,16,classroom_2,normal,0,1,40.61,0.32,1,24.0,24.0,4.2192,0.0,0.0,4.2192,ComfortAgent,LightingAgent
simulation-estimated,sarab,3,16,office_1,normal,1,1,40.61,0.32,1,25.5,25.5,2.3674,0.4,0.168,2.5354,CostAgent,LightingAgent
simulation-estimated,sarab,3,16,corridor_1,normal,0,0,40.61,0.32,1,25.5,25.5,1.4583,0.0,0.0,1.4583,CostAgent,LightingAgent
simulation-estimated,sarab,3,16,or_1,critical,0,0,40.61,0.32,1,20.0,20.0,3.2983,0.0,0.0,3.2983,ACAgent,LightingAgent
simulation-estimated,sarab,3,17,classroom_1,normal,0,1,39.72,0.18,0,24.0,24.0,2.6405,0.0,0.0,2.6405,ACAgent,LightingAgent
simulation-estimated,sarab,3,17,classroom_2,normal,0,1,39.72,0.18,0,24.0,24.0,2.6405,0.0,0.0,2.6405,ACAgent,LightingAgent
simulation-estimated,sarab,3,17,office_1,normal,0,1,39.72,0.18,0,24.0,24.0,2.7508,0.0,0.0,2.7508,ComfortAgent,LightingAgent
simulation-estimated,sarab,3,17,corridor_1,normal,0,0,39.72,0.18,0,24.0,24.0,3.4748,0.0,0.0,3.4748,ComfortAgent,LightingAgent
simulation-estimated,sarab,3,17,or_1,critical,0,0,39.72,0.18,0,20.0,20.0,3.1548,0.0,0.0,3.1548,ACAgent,LightingAgent
simulation-estimated,sarab,3,18,classroom_1,normal,0,0,38.85,0.18,0,24.0,24.0,2.4951,0.0,0.0,2.4951,ACAgent,LightingAgent
simulation-estimated,sarab,3,18,classroom_2,normal,0,0,38.85,0.18,0,24.0,24.0,2.4951,0.0,0.0,2.4951,ACAgent,LightingAgent
simulation-estimated,sarab,3,18,office_1,normal,0,0,38.85,0.18,0,24.0,24.0,1.9961,0.0,0.0,1.9961,ACAgent,LightingAgent
simulation-estimated,sarab,3,18,corridor_1,normal,0,0,38.85,0.18,0,24.0,24.0,2.3763,0.0,0.0,2.3763,ACAgent,LightingAgent
simulation-estimated,sarab,3,18,or_1,critical,0,0,38.85,0.18,0,20.0,20.0,3.0163,0.0,0.0,3.0163,ACAgent,LightingAgent
simulation-estimated,sarab,3,19,classroom_1,normal,0,0,37.2,0.18,0,24.0,24.0,2.2176,0.0,0.0,2.2176,ACAgent,LightingAgent
simulation-estimated,sarab,3,19,classroom_2,normal,0,0,37.2,0.18,0,24.0,24.0,2.2176,0.0,0.0,2.2176,ACAgent,LightingAgent
simulation-estimated,sarab,3,19,office_1,normal,0,0,37.2,0.18,0,24.0,24.0,1.7741,0.0,0.0,1.7741,ACAgent,LightingAgent
simulation-estimated,sarab,3,19,corridor_1,normal,0,0,37.2,0.18,0,24.0,24.0,2.112,0.0,0.0,2.112,ACAgent,LightingAgent
simulation-estimated,sarab,3,19,or_1,critical,0,0,37.2,0.18,0,20.0,20.0,2.752,0.0,0.0,2.752,ACAgent,LightingAgent
simulation-estimated,sarab,3,20,classroom_1,normal,0,0,34.81,0.18,0,24.0,24.0,1.8165,0.0,0.0,1.8165,ACAgent,LightingAgent
simulation-estimated,sarab,3,20,classroom_2,normal,0,0,34.81,0.18,0,24.0,24.0,1.8165,0.0,0.0,1.8165,ACAgent,LightingAgent
simulation-estimated,sarab,3,20,office_1,normal,0,0,34.81,0.18,0,24.0,24.0,1.4532,0.0,0.0,1.4532,ACAgent,LightingAgent
simulation-estimated,sarab,3,20,corridor_1,normal,0,0,34.81,0.18,0,24.0,24.0,1.73,0.0,0.0,1.73,ACAgent,LightingAgent
simulation-estimated,sarab,3,20,or_1,critical,0,0,34.81,0.18,0,20.0,20.0,2.37,0.0,0.0,2.37,ACAgent,LightingAgent
simulation-estimated,sarab,3,21,classroom_1,normal,0,0,32.35,0.18,0,24.0,24.0,1.4035,0.0,0.0,1.4035,ACAgent,LightingAgent
simulation-estimated,sarab,3,21,classroom_2,normal,0,0,32.35,0.18,0,24.0,24.0,1.4035,0.0,0.0,1.4035,ACAgent,LightingAgent
simulation-estimated,sarab,3,21,office_1,normal,0,0,32.35,0.18,0,24.0,24.0,1.1228,0.0,0.0,1.1228,ACAgent,LightingAgent
simulation-estimated,sarab,3,21,corridor_1,normal,0,0,32.35,0.18,0,24.0,24.0,1.3367,0.0,0.0,1.3367,ACAgent,LightingAgent
simulation-estimated,sarab,3,21,or_1,critical,0,0,32.35,0.18,0,20.0,20.0,1.9767,0.0,0.0,1.9767,ACAgent,LightingAgent
simulation-estimated,sarab,3,22,classroom_1,normal,0,0,30.66,0.18,0,24.0,24.0,1.1183,0.0,0.0,1.1183,ACAgent,LightingAgent
simulation-estimated,sarab,3,22,classroom_2,normal,0,0,30.66,0.18,0,24.0,24.0,1.1183,0.0,0.0,1.1183,ACAgent,LightingAgent
simulation-estimated,sarab,3,22,office_1,normal,0,0,30.66,0.18,0,24.0,24.0,0.8947,0.0,0.0,0.8947,ACAgent,LightingAgent
simulation-estimated,sarab,3,22,corridor_1,normal,0,0,30.66,0.18,0,24.0,24.0,1.0651,0.0,0.0,1.0651,ACAgent,LightingAgent
simulation-estimated,sarab,3,22,or_1,critical,0,0,30.66,0.18,0,20.0,20.0,1.7051,0.0,0.0,1.7051,ACAgent,LightingAgent
simulation-estimated,sarab,3,23,classroom_1,normal,0,0,28.37,0.18,0,24.0,24.0,0.7338,0.0,0.0,0.7338,ACAgent,LightingAgent
simulation-estimated,sarab,3,23,classroom_2,normal,0,0,28.37,0.18,0,24.0,24.0,0.7338,0.0,0.0,0.7338,ACAgent,LightingAgent
simulation-estimated,sarab,3,23,office_1,normal,0,0,28.37,0.18,0,24.0,24.0,0.5871,0.0,0.0,0.5871,ACAgent,LightingAgent
simulation-estimated,sarab,3,23,corridor_1,normal,0,0,28.37,0.18,0,24.0,24.0,0.6989,0.0,0.0,0.6989,ACAgent,LightingAgent
simulation-estimated,sarab,3,23,or_1,critical,0,0,28.37,0.18,0,20.0,20.0,1.3389,0.0,0.0,1.3389,ACAgent,LightingAgent
simulation-estimated,sarab,4,0,classroom_1,normal,0,0,28.5,0.18,0,24.0,24.0,0.7567,0.0,0.0,0.7567,ACAgent,LightingAgent
simulation-estimated,sarab,4,0,classroom_2,normal,0,0,28.5,0.18,0,24.0,24.0,0.7567,0.0,0.0,0.7567,ACAgent,LightingAgent
simulation-estimated,sarab,4,0,office_1,normal,0,0,28.5,0.18,0,24.0,24.0,0.6054,0.0,0.0,0.6054,ACAgent,LightingAgent
simulation-estimated,sarab,4,0,corridor_1,normal,0,0,28.5,0.18,0,24.0,24.0,0.7207,0.0,0.0,0.7207,ACAgent,LightingAgent
simulation-estimated,sarab,4,0,or_1,critical,1,0,28.5,0.18,0,20.0,20.0,1.7607,1.0,0.3,2.0607,CostAgent,LightingAgent
simulation-estimated,sarab,4,1,classroom_1,normal,0,0,27.13,0.18,0,24.0,24.0,0.5257,0.0,0.0,0.5257,ACAgent,LightingAgent
simulation-estimated,sarab,4,1,classroom_2,normal,0,0,27.13,0.18,0,24.0,24.0,0.5257,0.0,0.0,0.5257,ACAgent,LightingAgent
simulation-estimated,sarab,4,1,office_1,normal,0,0,27.13,0.18,0,24.0,24.0,0.4205,0.0,0.0,0.4205,ACAgent,LightingAgent
simulation-estimated,sarab,4,1,corridor_1,normal,0,0,27.13,0.18,0,24.0,24.0,0.5006,0.0,0.0,0.5006,ACAgent,LightingAgent
simulation-estimated,sarab,4,1,or_1,critical,0,0,27.13,0.18,0,20.0,20.0,1.1406,0.0,0.0,1.1406,ACAgent,LightingAgent
simulation-estimated,sarab,4,2,classroom_1,normal,0,0,26.16,0.18,0,24.0,24.0,0.3629,0.0,0.0,0.3629,ACAgent,LightingAgent
simulation-estimated,sarab,4,2,classroom_2,normal,1,0,26.16,0.18,0,24.0,24.0,0.7829,1.0,0.84,1.6229,ComfortAgent,LightingAgent
simulation-estimated,sarab,4,2,office_1,normal,0,0,26.16,0.18,0,24.0,24.0,0.2903,0.0,0.0,0.2903,ACAgent,LightingAgent
simulation-estimated,sarab,4,2,corridor_1,normal,0,0,26.16,0.18,0,24.0,24.0,0.3456,0.0,0.0,0.3456,ACAgent,LightingAgent
simulation-estimated,sarab,4,2,or_1,critical,0,0,26.16,0.18,0,20.0,20.0,0.9856,0.0,0.0,0.9856,ACAgent,LightingAgent
simulation-estimated,sarab,4,3,classroom_1,normal,0,0,25.7,0.18,0,24.0,24.0,0.2856,0.0,0.0,0.2856,ACAgent,LightingAgent
simulation-estimated,sarab,4,3,classroom_2,normal,0,0,25.7,0.18,0,24.0,24.0,0.2856,0.0,0.0,0.2856,ACAgent,LightingAgent
simulation-estimated,sarab,4,3,office_1,normal,0,0,25.7,0.18,0,24.0,24.0,0.2285,0.0,0.0,0.2285,ACAgent,LightingAgent
simulation-estimated,sarab,4,3,corridor_1,normal,0,0,25.7,0.18,0,24.0,24.0,0.272,0.0,0.0,0.272,ACAgent,LightingAgent
simulation-estimated,sarab,4,3,or_1,critical,0,0,25.7,0.18,0,20.0,20.0,0.912,0.0,0.0,0.912,ACAgent,LightingAgent
simulation-estimated,sarab,4,4,classroom_1,normal,0,0,25.67,0.18,0,24.0,24.0,0.2811,0.0,0.0,0.2811,ACAgent,LightingAgent
simulation-estimated,sarab,4,4,classroom_2,normal,0,0,25.67,0.18,0,24.0,24.0,0.2811,0.0,0.0,0.2811,ACAgent,LightingAgent
simulation-estimated,sarab,4,4,office_1,normal,0,0,25.67,0.18,0,24.0,24.0,0.2249,0.0,0.0,0.2249,ACAgent,LightingAgent
simulation-estimated,sarab,4,4,corridor_1,normal,0,0,25.67,0.18,0,24.0,24.0,0.2678,0.0,0.0,0.2678,ACAgent,LightingAgent
simulation-estimated,sarab,4,4,or_1,critical,0,0,25.67,0.18,0,20.0,20.0,0.9078,0.0,0.0,0.9078,ACAgent,LightingAgent
simulation-estimated,sarab,4,5,classroom_1,normal,0,0,26.87,0.18,0,24.0,24.0,0.4827,0.0,0.0,0.4827,ACAgent,LightingAgent
simulation-estimated,sarab,4,5,classroom_2,normal,0,0,26.87,0.18,0,24.0,24.0,0.4827,0.0,0.0,0.4827,ACAgent,LightingAgent
simulation-estimated,sarab,4,5,office_1,normal,0,0,26.87,0.18,0,24.0,24.0,0.3861,0.0,0.0,0.3861,ACAgent,LightingAgent
simulation-estimated,sarab,4,5,corridor_1,normal,0,0,26.87,0.18,0,24.0,24.0,0.4597,0.0,0.0,0.4597,ACAgent,LightingAgent
simulation-estimated,sarab,4,5,or_1,critical,0,0,26.87,0.18,0,20.0,20.0,1.0997,0.0,0.0,1.0997,ACAgent,LightingAgent
simulation-estimated,sarab,4,6,classroom_1,normal,0,1,28.0,0.18,0,24.0,24.0,0.672,0.0,0.0,0.672,ACAgent,LightingAgent
simulation-estimated,sarab,4,6,classroom_2,normal,0,1,28.0,0.18,0,24.0,24.0,0.672,0.0,0.0,0.672,ACAgent,LightingAgent
simulation-estimated,sarab,4,6,office_1,normal,0,1,28.0,0.18,0,24.0,24.0,0.5376,0.0,0.0,0.5376,ACAgent,LightingAgent
simulation-estimated,sarab,4,6,corridor_1,normal,0,0,28.0,0.18,0,24.0,24.0,0.64,0.0,0.0,0.64,ACAgent,LightingAgent
simulation-estimated,sarab,4,6,or_1,critical,0,0,28.0,0.18,0,20.0,20.0,1.28,0.0,0.0,1.28,ACAgent,LightingAgent
simulation-estimated,sarab,4,7,classroom_1,normal,1,1,29.71,0.18,0,24.0,24.0,1.3789,0.4,0.336,1.7149,ComfortAgent,LightingAgent
simulation-estimated,sarab,4,7,classroom_2,normal,1,1,29.71,0.18,0,24.0,24.0,1.3789,0.4,0.336,1.7149,ComfortAgent,LightingAgent
simulation-estimated,sarab,4,7,office_1,normal,0,1,29.71,0.18,0,24.0,24.0,0.7671,0.0,0.0,0.7671,ACAgent,LightingAgent
simulation-estimated,sarab,4,7,corridor_1,normal,0,0,29.71,0.18,0,24.0,24.0,0.9132,0.0,0.0,0.9132,ACAgent,LightingAgent
simulation-estimated,sarab,4,7,or_1,critical,0,0,29.71,0.18,0,20.0,20.0,1.5532,0.0,0.0,1.5532,ACAgent,LightingAgent
simulation-estimated,sarab,4,8,classroom_1,normal,1,1,31.84,0.18,0,24.0,24.0,1.7364,0.4,0.336,2.0724,ComfortAgent,LightingAgent
simulation-estimated,sarab,4,8,classroom_2,normal,1,1,31.84,0.18,0,24.0,24.0,1.7364,0.4,0.336,2.0724,ComfortAgent,LightingAgent
simulation-estimated,sarab,4,8,office_1,normal,1,1,31.84,0.18,0,24.0,24.0,1.3891,0.4,0.168,1.5571,ComfortAgent,LightingAgent
simulation-estimated,sarab,4,8,corridor_1,normal,1,0,31.84,0.18,0,24.0,24.0,1.6537,1.0,0.6,2.2537,ComfortAgent,LightingAgent
simulation-estimated,sarab,4,8,or_1,critical,1,0,31.84,0.18,0,20.0,20.0,2.2937,1.0,0.3,2.5937,CostAgent,LightingAgent
simulation-estimated,sarab,4,9,classroom_1,normal,1,1,34.24,0.18,0,24.0,24.0,2.1398,0.4,0.336,2.4758,ComfortAgent,LightingAgent
simulation-estimated,sarab,4,9,classroom_2,normal,0,1,34.24,0.18,0,24.0,24.0,1.7198,0.0,0.0,1.7198,ACAgent,LightingAgent
simulation-estimated,sarab,4,9,office_1,normal,1,1,34.24,0.18,0,24.0,24.0,1.7118,0.4,0.168,1.8798,ComfortAgent,LightingAgent
simulation-estimated,sarab,4,9,corridor_1,normal,0,0,34.24,0.18,0,24.0,24.0,1.6379,0.0,0.0,1.6379,ACAgent,LightingAgent
simulation-estimated,sarab,4,9,or_1,critical,1,0,34.24,0.18,0,20.0,20.0,2.6779,1.0,0.3,2.9779,CostAgent,LightingAgent
simulation-estimated,sarab,4,10,classroom_1,normal,1,1,36.7,0.18,0,24.0,24.0,2.5543,0.4,0.336,2.8903,ComfortAgent,LightingAgent
simulation-estimated,sarab,4,10,classroom_2,normal,1,1,36.7,0.18,0,24.0,24.0,2.5543,0.4,0.336,2.8903,ComfortAgent,LightingAgent
simulation-estimated,sarab,4,10,office_1,normal,1,1,36.7,0.18,0,24.0,24.0,2.0434,0.4,0.168,2.2114,ComfortAgent,LightingAgent
simulation-estimated,sarab,4,10,corridor_1,normal,0,0,36.7,0.18,0,24.0,24.0,2.0327,0.0,0.0,2.0327,ACAgent,LightingAgent
simulation-estimated,sarab,4,10,or_1,critical,1,0,36.7,0.18,0,20.0,20.0,3.0727,1.0,0.3,3.3727,CostAgent,LightingAgent
simulation-estimated,sarab,4,11,classroom_1,normal,1,1,38.21,0.18,0,24.0,24.0,2.8068,0.4,0.336,3.1428,ComfortAgent,LightingAgent
simulation-estimated,sarab,4,11,classroom_2,normal,1,1,38.21,0.18,0,24.0,24.0,2.8068,0.4,0.336,3.1428,ComfortAgent,LightingAgent
simulation-estimated,sarab,4,11,office_1,normal,1,1,38.21,0.18,0,24.0,24.0,2.2454,0.4,0.168,2.4134,ComfortAgent,LightingAgent
simulation-estimated,sarab,4,11,corridor_1,normal,0,0,38.21,0.18,0,24.0,24.0,2.2731,0.0,0.0,2.2731,ACAgent,LightingAgent
simulation-estimated,sarab,4,11,or_1,critical,1,0,38.21,0.18,0,20.0,20.0,3.3131,1.0,0.3,3.6131,CostAgent,LightingAgent
simulation-estimated,sarab,4,12,classroom_1,normal,0,1,39.88,0.32,1,25.5,25.5,0.9877,0.0,0.0,0.9877,CostAgent,LightingAgent
simulation-estimated,sarab,4,12,classroom_2,normal,1,1,39.88,0.32,1,25.5,25.5,1.4077,0.4,0.336,1.7437,CostAgent,LightingAgent
simulation-estimated,sarab,4,12,office_1,normal,1,1,39.88,0.32,1,25.5,25.5,1.6301,0.4,0.168,1.7981,CostAgent,LightingAgent
simulation-estimated,sarab,4,12,corridor_1,normal,1,0,39.88,0.32,1,25.5,25.5,1.7407,1.0,0.6,2.3407,CostAgent,LightingAgent
simulation-estimated,sarab,4,12,or_1,critical,1,0,39.88,0.32,1,20.0,20.0,3.5807,1.0,0.3,3.8807,CostAgent,LightingAgent
simulation-estimated,sarab,4,13,classroom_1,normal,1,1,41.97,0.32,1,25.5,25.5,3.1862,0.4,0.336,3.5222,CostAgent,LightingAgent
simulation-estimated,sarab,4,13,classroom_2,normal,1,1,41.97,0.32,1,25.5,25.5,3.1862,0.4,0.336,3.5222,CostAgent,LightingAgent
simulation-estimated,sarab,4,13,office_1,normal,1,1,41.97,0.32,1,25.5,25.5,2.549,0.4,0.168,2.717,CostAgent,LightingAgent
simulation-estimated,sarab,4,13,corridor_1,normal,0,0,41.97,0.32,1,24.0,24.0,3.8345,0.0,0.0,3.8345,ComfortAgent,LightingAgent
simulation-estimated,sarab,4,13,or_1,critical,1,0,41.97,0.32,1,20.0,20.0,3.9145,1.0,0.3,4.2145,CostAgent,LightingAgent
simulation-estimated,sarab,4,14,classroom_1,normal,1,1,42.44,0.32,1,25.5,25.5,3.2656,0.4,0.336,3.6016,CostAgent,LightingAgent
simulation-estimated,sarab,4,14,classroom_2,normal,1,1,42.44,0.32,1,25.5,25.5,3.2656,0.4,0.336,3.6016,CostAgent,LightingAgent
simulation-estimated,sarab,4,14,office_1,normal,0,1,42.44,0.32,1,24.0,24.0,3.1164,0.0,0.0,3.1164,ComfortAgent,LightingAgent
simulation-estimated,sarab,4,14,corridor_1,normal,0,0,42.44,0.32,1,25.5,25.5,1.7501,0.0,0.0,1.7501,CostAgent,LightingAgent
simulation-estimated,sarab,4,14,or_1,critical,1,0,42.44,0.32,1,20.0,20.0,3.9901,1.0,0.3,4.2901,CostAgent,LightingAgent
simulation-estimated,sarab,4,15,classroom_1,normal,1,1,42.81,0.32,1,25.5,25.5,3.3274,0.4,0.336,3.6634,CostAgent,LightingAgent
simulation-estimated,sarab,4,15,classroom_2,normal,1,1,42.81,0.32,1,25.5,25.5,3.3274,0.4,0.336,3.6634,CostAgent,LightingAgent
simulation-estimated,sarab,4,15,office_1,normal,0,1,42.81,0.32,1,25.5,25.5,1.6876,0.0,0.0,1.6876,CostAgent,LightingAgent
simulation-estimated,sarab,4,15,corridor_1,normal,0,0,42.81,0.32,1,24.0,24.0,3.969,0.0,0.0,3.969,ComfortAgent,LightingAgent
simulation-estimated,sarab,4,15,or_1,critical,1,0,42.81,0.32,1,20.0,20.0,4.049,1.0,0.3,4.349,CostAgent,LightingAgent
simulation-estimated,sarab,4,16,classroom_1,normal,1,1,42.55,0.32,1,25.5,25.5,3.2841,0.4,0.336,3.6201,CostAgent,LightingAgent
simulation-estimated,sarab,4,16,classroom_2,normal,1,1,42.55,0.32,1,25.5,25.5,3.2841,0.4,0.336,3.6201,CostAgent,LightingAgent
simulation-estimated,sarab,4,16,office_1,normal,1,1,42.55,0.32,1,25.5,25.5,2.6273,0.4,0.168,2.7953,CostAgent,LightingAgent
simulation-estimated,sarab,4,16,corridor_1,normal,1,0,42.55,0.32,1,25.5,25.5,2.1677,1.0,0.6,2.7677,CostAgent,LightingAgent
simulation-estimated,sarab,4,16,or_1,critical,0,0,42.55,0.32,1,20.0,20.0,3.6077,0.0,0.0,3.6077,ACAgent,LightingAgent
simulation-estimated,sarab,4,17,classroom_1,normal,0,1,41.65,0.18,0,24.0,24.0,4.3925,0.0,0.0,4.3925,ComfortAgent,LightingAgent
simulation-estimated,sarab,4,17,classroom_2,normal,0,1,41.65,0.18,0,24.0,24.0,4.3925,0.0,0.0,4.3925,ComfortAgent,LightingAgent
simulation-estimated,sarab,4,17,office_1,normal,0,1,41.65,0.18,0,24.0,24.0,3.01,0.0,0.0,3.01,ComfortAgent,LightingAgent
simulation-estimated,sarab,4,17,corridor_1,normal,0,0,41.65,0.18,0,24.0,24.0,3.7833,0.0,0.0,3.7833,ComfortAgent,LightingAgent
simulation-estimated,sarab,4,17,or_1,critical,0,0,41.65,0.18,0,20.0,20.0,3.4633,0.0,0.0,3.4633,ACAgent,LightingAgent
simulation-estimated,sarab,4,18,classroom_1,normal,0,0,40.37,0.18,0,24.0,24.0,2.7501,0.0,0.0,2.7501,ACAgent,LightingAgent
simulation-estimated,sarab,4,18,classroom_2,normal,0,0,40.37,0.18,0,24.0,24.0,2.7501,0.0,0.0,2.7501,ACAgent,LightingAgent
simulation-estimated,sarab,4,18,office_1,normal,0,0,40.37,0.18,0,24.0,24.0,2.2001,0.0,0.0,2.2001,ACAgent,LightingAgent
simulation-estimated,sarab,4,18,corridor_1,normal,0,0,40.37,0.18,0,24.0,24.0,2.6192,0.0,0.0,2.6192,ACAgent,LightingAgent
simulation-estimated,sarab,4,18,or_1,critical,0,0,40.37,0.18,0,20.0,20.0,3.2592,0.0,0.0,3.2592,ACAgent,LightingAgent
simulation-estimated,sarab,4,19,classroom_1,normal,0,0,38.4,0.18,0,24.0,24.0,2.4191,0.0,0.0,2.4191,ACAgent,LightingAgent
simulation-estimated,sarab,4,19,classroom_2,normal,0,0,38.4,0.18,0,24.0,24.0,2.4191,0.0,0.0,2.4191,ACAgent,LightingAgent
simulation-estimated,sarab,4,19,office_1,normal,0,0,38.4,0.18,0,24.0,24.0,1.9353,0.0,0.0,1.9353,ACAgent,LightingAgent
simulation-estimated,sarab,4,19,corridor_1,normal,0,0,38.4,0.18,0,24.0,24.0,2.3039,0.0,0.0,2.3039,ACAgent,LightingAgent
simulation-estimated,sarab,4,19,or_1,critical,0,0,38.4,0.18,0,20.0,20.0,2.9439,0.0,0.0,2.9439,ACAgent,LightingAgent
simulation-estimated,sarab,4,20,classroom_1,normal,0,0,36.14,0.18,0,24.0,24.0,2.0399,0.0,0.0,2.0399,ACAgent,LightingAgent
simulation-estimated,sarab,4,20,classroom_2,normal,0,0,36.14,0.18,0,24.0,24.0,2.0399,0.0,0.0,2.0399,ACAgent,LightingAgent
simulation-estimated,sarab,4,20,office_1,normal,0,0,36.14,0.18,0,24.0,24.0,1.6319,0.0,0.0,1.6319,ACAgent,LightingAgent
simulation-estimated,sarab,4,20,corridor_1,normal,0,0,36.14,0.18,0,24.0,24.0,1.9427,0.0,0.0,1.9427,ACAgent,LightingAgent
simulation-estimated,sarab,4,20,or_1,critical,0,0,36.14,0.18,0,20.0,20.0,2.5827,0.0,0.0,2.5827,ACAgent,LightingAgent
simulation-estimated,sarab,4,21,classroom_1,normal,0,0,34.36,0.18,0,24.0,24.0,1.7405,0.0,0.0,1.7405,ACAgent,LightingAgent
simulation-estimated,sarab,4,21,classroom_2,normal,0,0,34.36,0.18,0,24.0,24.0,1.7405,0.0,0.0,1.7405,ACAgent,LightingAgent
simulation-estimated,sarab,4,21,office_1,normal,0,0,34.36,0.18,0,24.0,24.0,1.3924,0.0,0.0,1.3924,ACAgent,LightingAgent
simulation-estimated,sarab,4,21,corridor_1,normal,0,0,34.36,0.18,0,24.0,24.0,1.6577,0.0,0.0,1.6577,ACAgent,LightingAgent
simulation-estimated,sarab,4,21,or_1,critical,0,0,34.36,0.18,0,20.0,20.0,2.2977,0.0,0.0,2.2977,ACAgent,LightingAgent
simulation-estimated,sarab,4,22,classroom_1,normal,0,0,31.64,0.18,0,24.0,24.0,1.2837,0.0,0.0,1.2837,ACAgent,LightingAgent
simulation-estimated,sarab,4,22,classroom_2,normal,0,0,31.64,0.18,0,24.0,24.0,1.2837,0.0,0.0,1.2837,ACAgent,LightingAgent
simulation-estimated,sarab,4,22,office_1,normal,0,0,31.64,0.18,0,24.0,24.0,1.027,0.0,0.0,1.027,ACAgent,LightingAgent
simulation-estimated,sarab,4,22,corridor_1,normal,0,0,31.64,0.18,0,24.0,24.0,1.2226,0.0,0.0,1.2226,ACAgent,LightingAgent
simulation-estimated,sarab,4,22,or_1,critical,0,0,31.64,0.18,0,20.0,20.0,1.8626,0.0,0.0,1.8626,ACAgent,LightingAgent
simulation-estimated,sarab,4,23,classroom_1,normal,0,0,30.23,0.18,0,24.0,24.0,1.0463,0.0,0.0,1.0463,ACAgent,LightingAgent
simulation-estimated,sarab,4,23,classroom_2,normal,0,0,30.23,0.18,0,24.0,24.0,1.0463,0.0,0.0,1.0463,ACAgent,LightingAgent
simulation-estimated,sarab,4,23,office_1,normal,0,0,30.23,0.18,0,24.0,24.0,0.8371,0.0,0.0,0.8371,ACAgent,LightingAgent
simulation-estimated,sarab,4,23,corridor_1,normal,0,0,30.23,0.18,0,24.0,24.0,0.9965,0.0,0.0,0.9965,ACAgent,LightingAgent
simulation-estimated,sarab,4,23,or_1,critical,0,0,30.23,0.18,0,20.0,20.0,1.6365,0.0,0.0,1.6365,ACAgent,LightingAgent
simulation-estimated,sarab,5,0,classroom_1,normal,0,0,27.65,0.18,0,24.0,24.0,0.6135,0.0,0.0,0.6135,ACAgent,LightingAgent
simulation-estimated,sarab,5,0,classroom_2,normal,0,0,27.65,0.18,0,24.0,24.0,0.6135,0.0,0.0,0.6135,ACAgent,LightingAgent
simulation-estimated,sarab,5,0,office_1,normal,0,0,27.65,0.18,0,24.0,24.0,0.4908,0.0,0.0,0.4908,ACAgent,LightingAgent
simulation-estimated,sarab,5,0,corridor_1,normal,0,0,27.65,0.18,0,24.0,24.0,0.5843,0.0,0.0,0.5843,ACAgent,LightingAgent
simulation-estimated,sarab,5,0,or_1,critical,0,0,27.65,0.18,0,20.0,20.0,1.2243,0.0,0.0,1.2243,ACAgent,LightingAgent
simulation-estimated,sarab,5,1,classroom_1,normal,0,0,26.74,0.18,0,24.0,24.0,0.4598,0.0,0.0,0.4598,ACAgent,LightingAgent
simulation-estimated,sarab,5,1,classroom_2,normal,0,0,26.74,0.18,0,24.0,24.0,0.4598,0.0,0.0,0.4598,ACAgent,LightingAgent
simulation-estimated,sarab,5,1,office_1,normal,0,0,26.74,0.18,0,24.0,24.0,0.3679,0.0,0.0,0.3679,ACAgent,LightingAgent
simulation-estimated,sarab,5,1,corridor_1,normal,0,0,26.74,0.18,0,24.0,24.0,0.4379,0.0,0.0,0.4379,ACAgent,LightingAgent
simulation-estimated,sarab,5,1,or_1,critical,0,0,26.74,0.18,0,20.0,20.0,1.0779,0.0,0.0,1.0779,ACAgent,LightingAgent
simulation-estimated,sarab,5,2,classroom_1,normal,0,0,25.96,0.18,0,24.0,24.0,0.3286,0.0,0.0,0.3286,ACAgent,LightingAgent
simulation-estimated,sarab,5,2,classroom_2,normal,0,0,25.96,0.18,0,24.0,24.0,0.3286,0.0,0.0,0.3286,ACAgent,LightingAgent
simulation-estimated,sarab,5,2,office_1,normal,0,0,25.96,0.18,0,24.0,24.0,0.2629,0.0,0.0,0.2629,ACAgent,LightingAgent
simulation-estimated,sarab,5,2,corridor_1,normal,0,0,25.96,0.18,0,24.0,24.0,0.3129,0.0,0.0,0.3129,ACAgent,LightingAgent
simulation-estimated,sarab,5,2,or_1,critical,0,0,25.96,0.18,0,20.0,20.0,0.9529,0.0,0.0,0.9529,ACAgent,LightingAgent
simulation-estimated,sarab,5,3,classroom_1,normal,0,0,25.78,0.18,0,24.0,24.0,0.2992,0.0,0.0,0.2992,ACAgent,LightingAgent
simulation-estimated,sarab,5,3,classroom_2,normal,0,0,25.78,0.18,0,24.0,24.0,0.2992,0.0,0.0,0.2992,ACAgent,LightingAgent
simulation-estimated,sarab,5,3,office_1,normal,0,0,25.78,0.18,0,24.0,24.0,0.2394,0.0,0.0,0.2394,ACAgent,LightingAgent
simulation-estimated,sarab,5,3,corridor_1,normal,0,0,25.78,0.18,0,24.0,24.0,0.285,0.0,0.0,0.285,ACAgent,LightingAgent
simulation-estimated,sarab,5,3,or_1,critical,0,0,25.78,0.18,0,20.0,20.0,0.925,0.0,0.0,0.925,ACAgent,LightingAgent
simulation-estimated,sarab,5,4,classroom_1,normal,0,0,25.74,0.18,0,24.0,24.0,0.2928,0.0,0.0,0.2928,ACAgent,LightingAgent
simulation-estimated,sarab,5,4,classroom_2,normal,0,0,25.74,0.18,0,24.0,24.0,0.2928,0.0,0.0,0.2928,ACAgent,LightingAgent
simulation-estimated,sarab,5,4,office_1,normal,0,0,25.74,0.18,0,24.0,24.0,0.2343,0.0,0.0,0.2343,ACAgent,LightingAgent
simulation-estimated,sarab,5,4,corridor_1,normal,0,0,25.74,0.18,0,24.0,24.0,0.2789,0.0,0.0,0.2789,ACAgent,LightingAgent
simulation-estimated,sarab,5,4,or_1,critical,0,0,25.74,0.18,0,20.0,20.0,0.9189,0.0,0.0,0.9189,ACAgent,LightingAgent
simulation-estimated,sarab,5,5,classroom_1,normal,0,0,26.42,0.18,0,24.0,24.0,0.4064,0.0,0.0,0.4064,ACAgent,LightingAgent
simulation-estimated,sarab,5,5,classroom_2,normal,0,0,26.42,0.18,0,24.0,24.0,0.4064,0.0,0.0,0.4064,ACAgent,LightingAgent
simulation-estimated,sarab,5,5,office_1,normal,0,0,26.42,0.18,0,24.0,24.0,0.3251,0.0,0.0,0.3251,ACAgent,LightingAgent
simulation-estimated,sarab,5,5,corridor_1,normal,0,0,26.42,0.18,0,24.0,24.0,0.387,0.0,0.0,0.387,ACAgent,LightingAgent
simulation-estimated,sarab,5,5,or_1,critical,0,0,26.42,0.18,0,20.0,20.0,1.027,0.0,0.0,1.027,ACAgent,LightingAgent
simulation-estimated,sarab,5,6,classroom_1,normal,0,1,28.06,0.18,0,24.0,24.0,0.6819,0.0,0.0,0.6819,ACAgent,LightingAgent
simulation-estimated,sarab,5,6,classroom_2,normal,0,1,28.06,0.18,0,24.0,24.0,0.6819,0.0,0.0,0.6819,ACAgent,LightingAgent
simulation-estimated,sarab,5,6,office_1,normal,0,1,28.06,0.18,0,24.0,24.0,0.5455,0.0,0.0,0.5455,ACAgent,LightingAgent
simulation-estimated,sarab,5,6,corridor_1,normal,0,0,28.06,0.18,0,24.0,24.0,0.6495,0.0,0.0,0.6495,ACAgent,LightingAgent
simulation-estimated,sarab,5,6,or_1,critical,0,0,28.06,0.18,0,20.0,20.0,1.2895,0.0,0.0,1.2895,ACAgent,LightingAgent
simulation-estimated,sarab,5,7,classroom_1,normal,0,1,29.87,0.18,0,24.0,24.0,0.9857,0.0,0.0,0.9857,ACAgent,LightingAgent
simulation-estimated,sarab,5,7,classroom_2,normal,0,1,29.87,0.18,0,24.0,24.0,0.9857,0.0,0.0,0.9857,ACAgent,LightingAgent
simulation-estimated,sarab,5,7,office_1,normal,0,1,29.87,0.18,0,24.0,24.0,0.7886,0.0,0.0,0.7886,ACAgent,LightingAgent
simulation-estimated,sarab,5,7,corridor_1,normal,0,0,29.87,0.18,0,24.0,24.0,0.9388,0.0,0.0,0.9388,ACAgent,LightingAgent
simulation-estimated,sarab,5,7,or_1,critical,1,0,29.87,0.18,0,20.0,20.0,1.9788,1.0,0.3,2.2788,CostAgent,LightingAgent
simulation-estimated,sarab,5,8,classroom_1,normal,0,1,32.22,0.18,0,24.0,24.0,1.3816,0.0,0.0,1.3816,ACAgent,LightingAgent
simulation-estimated,sarab,5,8,classroom_2,normal,0,1,32.22,0.18,0,24.0,24.0,1.3816,0.0,0.0,1.3816,ACAgent,LightingAgent
simulation-estimated,sarab,5,8,office_1,normal,0,1,32.22,0.18,0,24.0,24.0,1.1053,0.0,0.0,1.1053,ACAgent,LightingAgent
simulation-estimated,sarab,5,8,corridor_1,normal,0,0,32.22,0.18,0,24.0,24.0,1.3158,0.0,0.0,1.3158,ACAgent,LightingAgent
simulation-estimated,sarab,5,8,or_1,critical,0,0,32.22,0.18,0,20.0,20.0,1.9558,0.0,0.0,1.9558,ACAgent,LightingAgent
simulation-estimated,sarab,5,9,classroom_1,normal,0,1,34.2,0.18,0,24.0,24.0,1.7142,0.0,0.0,1.7142,ACAgent,LightingAgent
simulation-estimated,sarab,5,9,classroom_2,normal,0,1,34.2,0.18,0,24.0,24.0,1.7142,0.0,0.0,1.7142,ACAgent,LightingAgent
simulation-estimated,sarab,5,9,office_1,normal,0,1,34.2,0.18,0,24.0,24.0,1.3713,0.0,0.0,1.3713,ACAgent,LightingAgent
simulation-estimated,sarab,5,9,corridor_1,normal,0,0,34.2,0.18,0,24.0,24.0,1.6325,0.0,0.0,1.6325,ACAgent,LightingAgent
simulation-estimated,sarab,5,9,or_1,critical,0,0,34.2,0.18,0,20.0,20.0,2.2725,0.0,0.0,2.2725,ACAgent,LightingAgent
simulation-estimated,sarab,5,10,classroom_1,normal,0,1,36.27,0.18,0,24.0,24.0,2.0615,0.0,0.0,2.0615,ACAgent,LightingAgent
simulation-estimated,sarab,5,10,classroom_2,normal,0,1,36.27,0.18,0,24.0,24.0,2.0615,0.0,0.0,2.0615,ACAgent,LightingAgent
simulation-estimated,sarab,5,10,office_1,normal,0,1,36.27,0.18,0,24.0,24.0,1.6492,0.0,0.0,1.6492,ACAgent,LightingAgent
simulation-estimated,sarab,5,10,corridor_1,normal,0,0,36.27,0.18,0,24.0,24.0,1.9634,0.0,0.0,1.9634,ACAgent,LightingAgent
simulation-estimated,sarab,5,10,or_1,critical,0,0,36.27,0.18,0,20.0,20.0,2.6034,0.0,0.0,2.6034,ACAgent,LightingAgent
simulation-estimated,sarab,5,11,classroom_1,normal,0,1,38.1,0.18,0,24.0,24.0,2.369,0.0,0.0,2.369,ACAgent,LightingAgent
simulation-estimated,sarab,5,11,classroom_2,normal,0,1,38.1,0.18,0,24.0,24.0,2.369,0.0,0.0,2.369,ACAgent,LightingAgent
simulation-estimated,sarab,5,11,office_1,normal,0,1,38.1,0.18,0,24.0,24.0,1.8952,0.0,0.0,1.8952,ACAgent,LightingAgent
simulation-estimated,sarab,5,11,corridor_1,normal,0,0,38.1,0.18,0,24.0,24.0,2.2562,0.0,0.0,2.2562,ACAgent,LightingAgent
simulation-estimated,sarab,5,11,or_1,critical,0,0,38.1,0.18,0,20.0,20.0,2.8962,0.0,0.0,2.8962,ACAgent,LightingAgent
simulation-estimated,sarab,5,12,classroom_1,normal,0,1,39.87,0.32,1,25.5,25.5,0.9856,0.0,0.0,0.9856,CostAgent,LightingAgent
simulation-estimated,sarab,5,12,classroom_2,normal,0,1,39.87,0.32,1,25.5,25.5,0.9856,0.0,0.0,0.9856,CostAgent,LightingAgent
simulation-estimated,sarab,5,12,office_1,normal,0,1,39.87,0.32,1,25.5,25.5,1.2925,0.0,0.0,1.2925,CostAgent,LightingAgent
simulation-estimated,sarab,5,12,corridor_1,normal,0,0,39.87,0.32,1,25.5,25.5,1.3387,0.0,0.0,1.3387,CostAgent,LightingAgent
simulation-estimated,sarab,5,12,or_1,critical,0,0,39.87,0.32,1,20.0,20.0,3.1787,0.0,0.0,3.1787,ACAgent,LightingAgent
simulation-estimated,sarab,5,13,classroom_1,normal,0,1,41.42,0.32,1,24.0,24.0,4.3549,0.0,0.0,4.3549,ComfortAgent,LightingAgent
simulation-estimated,sarab,5,13,classroom_2,normal,0,1,41.42,0.32,1,24.0,24.0,4.3549,0.0,0.0,4.3549,ComfortAgent,LightingAgent
simulation-estimated,sarab,5,13,office_1,normal,0,1,41.42,0.32,1,24.0,24.0,2.9799,0.0,0.0,2.9799,ComfortAgent,LightingAgent
simulation-estimated,sarab,5,13,corridor_1,normal,0,0,41.42,0.32,1,24.0,24.0,3.7475,0.0,0.0,3.7475,ComfortAgent,LightingAgent
simulation-estimated,sarab,5,13,or_1,critical,0,0,41.42,0.32,1,20.0,20.0,3.4275,0.0,0.0,3.4275,ACAgent,LightingAgent
simulation-estimated,sarab,5,14,classroom_1,normal,0,1,41.99,0.32,1,25.5,25.5,1.3426,0.0,0.0,1.3426,CostAgent,LightingAgent
simulation-estimated,sarab,5,14,classroom_2,normal,0,1,41.99,0.32,1,25.5,25.5,1.3426,0.0,0.0,1.3426,CostAgent,LightingAgent
simulation-estimated,sarab,5,14,office_1,normal,0,1,41.99,0.32,1,25.5,25.5,1.578,0.0,0.0,1.578,CostAgent,LightingAgent
simulation-estimated,sarab,5,14,corridor_1,normal,0,0,41.99,0.32,1,25.5,25.5,1.6786,0.0,0.0,1.6786,CostAgent,LightingAgent
simulation-estimated,sarab,5,14,or_1,critical,1,0,41.99,0.32,1,20.0,20.0,3.9186,1.0,0.3,4.2186,CostAgent,LightingAgent
simulation-estimated,sarab,5,15,classroom_1,normal,0,1,42.73,0.32,1,24.0,24.0,4.5739,0.0,0.0,4.5739,ComfortAgent,LightingAgent
simulation-estimated,sarab,5,15,classroom_2,normal,0,1,42.73,0.32,1,24.0,24.0,4.5739,0.0,0.0,4.5739,ComfortAgent,LightingAgent
simulation-estimated,sarab,5,15,office_1,normal,0,1,42.73,0.32,1,24.0,24.0,3.1552,0.0,0.0,3.1552,ComfortAgent,LightingAgent
simulation-estimated,sarab,5,15,corridor_1,normal,0,0,42.73,0.32,1,24.0,24.0,3.9561,0.0,0.0,3.9561,ComfortAgent,LightingAgent
simulation-estimated,sarab,5,15,or_1,critical,0,0,42.73,0.32,1,20.0,20.0,3.6361,0.0,0.0,3.6361,ACAgent,LightingAgent
simulation-estimated,sarab,5,16,classroom_1,normal,0,1,42.63,0.32,1,25.5,25.5,1.449,0.0,0.0,1.449,CostAgent,LightingAgent
simulation-estimated,sarab,5,16,classroom_2,normal,0,1,42.63,0.32,1,25.5,25.5,1.449,0.0,0.0,1.449,CostAgent,LightingAgent
simulation-estimated,sarab,5,16,office_1,normal,0,1,42.63,0.32,1,25.5,25.5,1.6632,0.0,0.0,1.6632,CostAgent,LightingAgent
simulation-estimated,sarab,5,16,corridor_1,normal,0,0,42.63,0.32,1,25.5,25.5,1.78,0.0,0.0,1.78,CostAgent,LightingAgent
simulation-estimated,sarab,5,16,or_1,critical,0,0,42.63,0.32,1,20.0,20.0,3.62,0.0,0.0,3.62,ACAgent,LightingAgent
simulation-estimated,sarab,5,17,classroom_1,normal,0,1,41.69,0.18,0,24.0,24.0,4.4,0.0,0.0,4.4,ComfortAgent,LightingAgent
simulation-estimated,sarab,5,17,classroom_2,normal,0,1,41.69,0.18,0,24.0,24.0,4.4,0.0,0.0,4.4,ComfortAgent,LightingAgent
simulation-estimated,sarab,5,17,office_1,normal,0,1,41.69,0.18,0,24.0,24.0,3.016,0.0,0.0,3.016,ComfortAgent,LightingAgent
simulation-estimated,sarab,5,17,corridor_1,normal,0,0,41.69,0.18,0,24.0,24.0,3.7905,0.0,0.0,3.7905,ComfortAgent,LightingAgent
simulation-estimated,sarab,5,17,or_1,critical,0,0,41.69,0.18,0,20.0,20.0,3.4705,0.0,0.0,3.4705,ACAgent,LightingAgent
simulation-estimated,sarab,5,18,classroom_1,normal,0,0,40.16,0.18,0,24.0,24.0,2.7156,0.0,0.0,2.7156,ACAgent,LightingAgent
simulation-estimated,sarab,5,18,classroom_2,normal,0,0,40.16,0.18,0,24.0,24.0,2.7156,0.0,0.0,2.7156,ACAgent,LightingAgent
simulation-estimated,sarab,5,18,office_1,normal,0,0,40.16,0.18,0,24.0,24.0,2.1725,0.0,0.0,2.1725,ACAgent,LightingAgent
simulation-estimated,sarab,5,18,corridor_1,normal,0,0,40.16,0.18,0,24.0,24.0,2.5863,0.0,0.0,2.5863,ACAgent,LightingAgent
simulation-estimated,sarab,5,18,or_1,critical,0,0,40.16,0.18,0,20.0,20.0,3.2263,0.0,0.0,3.2263,ACAgent,LightingAgent
simulation-estimated,sarab,5,19,classroom_1,normal,0,0,38.4,0.18,0,24.0,24.0,2.4192,0.0,0.0,2.4192,ACAgent,LightingAgent
simulation-estimated,sarab,5,19,classroom_2,normal,0,0,38.4,0.18,0,24.0,24.0,2.4192,0.0,0.0,2.4192,ACAgent,LightingAgent
simulation-estimated,sarab,5,19,office_1,normal,0,0,38.4,0.18,0,24.0,24.0,1.9354,0.0,0.0,1.9354,ACAgent,LightingAgent
simulation-estimated,sarab,5,19,corridor_1,normal,0,0,38.4,0.18,0,24.0,24.0,2.304,0.0,0.0,2.304,ACAgent,LightingAgent
simulation-estimated,sarab,5,19,or_1,critical,0,0,38.4,0.18,0,20.0,20.0,2.944,0.0,0.0,2.944,ACAgent,LightingAgent
simulation-estimated,sarab,5,20,classroom_1,normal,0,0,36.41,0.18,0,24.0,24.0,2.084,0.0,0.0,2.084,ACAgent,LightingAgent
simulation-estimated,sarab,5,20,classroom_2,normal,0,0,36.41,0.18,0,24.0,24.0,2.084,0.0,0.0,2.084,ACAgent,LightingAgent
simulation-estimated,sarab,5,20,office_1,normal,0,0,36.41,0.18,0,24.0,24.0,1.6672,0.0,0.0,1.6672,ACAgent,LightingAgent
simulation-estimated,sarab,5,20,corridor_1,normal,0,0,36.41,0.18,0,24.0,24.0,1.9848,0.0,0.0,1.9848,ACAgent,LightingAgent
simulation-estimated,sarab,5,20,or_1,critical,0,0,36.41,0.18,0,20.0,20.0,2.6248,0.0,0.0,2.6248,ACAgent,LightingAgent
simulation-estimated,sarab,5,21,classroom_1,normal,0,0,34.37,0.18,0,24.0,24.0,1.7416,0.0,0.0,1.7416,ACAgent,LightingAgent
simulation-estimated,sarab,5,21,classroom_2,normal,0,0,34.37,0.18,0,24.0,24.0,1.7416,0.0,0.0,1.7416,ACAgent,LightingAgent
simulation-estimated,sarab,5,21,office_1,normal,0,0,34.37,0.18,0,24.0,24.0,1.3933,0.0,0.0,1.3933,ACAgent,LightingAgent
simulation-estimated,sarab,5,21,corridor_1,normal,0,0,34.37,0.18,0,24.0,24.0,1.6587,0.0,0.0,1.6587,ACAgent,LightingAgent
simulation-estimated,sarab,5,21,or_1,critical,0,0,34.37,0.18,0,20.0,20.0,2.2987,0.0,0.0,2.2987,ACAgent,LightingAgent
simulation-estimated,sarab,5,22,classroom_1,normal,0,0,32.13,0.18,0,24.0,24.0,1.3655,0.0,0.0,1.3655,ACAgent,LightingAgent
simulation-estimated,sarab,5,22,classroom_2,normal,0,0,32.13,0.18,0,24.0,24.0,1.3655,0.0,0.0,1.3655,ACAgent,LightingAgent
simulation-estimated,sarab,5,22,office_1,normal,0,0,32.13,0.18,0,24.0,24.0,1.0924,0.0,0.0,1.0924,ACAgent,LightingAgent
simulation-estimated,sarab,5,22,corridor_1,normal,0,0,32.13,0.18,0,24.0,24.0,1.3005,0.0,0.0,1.3005,ACAgent,LightingAgent
simulation-estimated,sarab,5,22,or_1,critical,0,0,32.13,0.18,0,20.0,20.0,1.9405,0.0,0.0,1.9405,ACAgent,LightingAgent
simulation-estimated,sarab,5,23,classroom_1,normal,0,0,29.61,0.18,0,24.0,24.0,0.9433,0.0,0.0,0.9433,ACAgent,LightingAgent
simulation-estimated,sarab,5,23,classroom_2,normal,0,0,29.61,0.18,0,24.0,24.0,0.9433,0.0,0.0,0.9433,ACAgent,LightingAgent
simulation-estimated,sarab,5,23,office_1,normal,0,0,29.61,0.18,0,24.0,24.0,0.7546,0.0,0.0,0.7546,ACAgent,LightingAgent
simulation-estimated,sarab,5,23,corridor_1,normal,0,0,29.61,0.18,0,24.0,24.0,0.8984,0.0,0.0,0.8984,ACAgent,LightingAgent
simulation-estimated,sarab,5,23,or_1,critical,0,0,29.61,0.18,0,20.0,20.0,1.5384,0.0,0.0,1.5384,ACAgent,LightingAgent
simulation-estimated,sarab,6,0,classroom_1,normal,0,0,28.4,0.18,0,24.0,24.0,0.7396,0.0,0.0,0.7396,ACAgent,LightingAgent
simulation-estimated,sarab,6,0,classroom_2,normal,0,0,28.4,0.18,0,24.0,24.0,0.7396,0.0,0.0,0.7396,ACAgent,LightingAgent
simulation-estimated,sarab,6,0,office_1,normal,0,0,28.4,0.18,0,24.0,24.0,0.5916,0.0,0.0,0.5916,ACAgent,LightingAgent
simulation-estimated,sarab,6,0,corridor_1,normal,0,0,28.4,0.18,0,24.0,24.0,0.7043,0.0,0.0,0.7043,ACAgent,LightingAgent
simulation-estimated,sarab,6,0,or_1,critical,0,0,28.4,0.18,0,20.0,20.0,1.3443,0.0,0.0,1.3443,ACAgent,LightingAgent
simulation-estimated,sarab,6,1,classroom_1,normal,0,0,27.03,0.18,0,24.0,24.0,0.509,0.0,0.0,0.509,ACAgent,LightingAgent
simulation-estimated,sarab,6,1,classroom_2,normal,0,0,27.03,0.18,0,24.0,24.0,0.509,0.0,0.0,0.509,ACAgent,LightingAgent
simulation-estimated,sarab,6,1,office_1,normal,0,0,27.03,0.18,0,24.0,24.0,0.4072,0.0,0.0,0.4072,ACAgent,LightingAgent
simulation-estimated,sarab,6,1,corridor_1,normal,1,0,27.03,0.18,0,24.0,24.0,0.8848,1.0,0.6,1.4848,ComfortAgent,LightingAgent
simulation-estimated,sarab,6,1,or_1,critical,0,0,27.03,0.18,0,20.0,20.0,1.1248,0.0,0.0,1.1248,ACAgent,LightingAgent
simulation-estimated,sarab,6,2,classroom_1,normal,0,0,26.79,0.18,0,24.0,24.0,0.4682,0.0,0.0,0.4682,ACAgent,LightingAgent
simulation-estimated,sarab,6,2,classroom_2,normal,0,0,26.79,0.18,0,24.0,24.0,0.4682,0.0,0.0,0.4682,ACAgent,LightingAgent
simulation-estimated,sarab,6,2,office_1,normal,0,0,26.79,0.18,0,24.0,24.0,0.3746,0.0,0.0,0.3746,ACAgent,LightingAgent
simulation-estimated,sarab,6,2,corridor_1,normal,0,0,26.79,0.18,0,24.0,24.0,0.4459,0.0,0.0,0.4459,ACAgent,LightingAgent
simulation-estimated,sarab,6,2,or_1,critical,0,0,26.79,0.18,0,20.0,20.0,1.0859,0.0,0.0,1.0859,ACAgent,LightingAgent
simulation-estimated,sarab,6,3,classroom_1,normal,0,0,26.29,0.18,0,24.0,24.0,0.3843,0.0,0.0,0.3843,ACAgent,LightingAgent
simulation-estimated,sarab,6,3,classroom_2,normal,0,0,26.29,0.18,0,24.0,24.0,0.3843,0.0,0.0,0.3843,ACAgent,LightingAgent
simulation-estimated,sarab,6,3,office_1,normal,0,0,26.29,0.18,0,24.0,24.0,0.3075,0.0,0.0,0.3075,ACAgent,LightingAgent
simulation-estimated,sarab,6,3,corridor_1,normal,0,0,26.29,0.18,0,24.0,24.0,0.366,0.0,0.0,0.366,ACAgent,LightingAgent
simulation-estimated,sarab,6,3,or_1,critical,0,0,26.29,0.18,0,20.0,20.0,1.006,0.0,0.0,1.006,ACAgent,LightingAgent
simulation-estimated,sarab,6,4,classroom_1,normal,0,0,26.45,0.18,0,24.0,24.0,0.4121,0.0,0.0,0.4121,ACAgent,LightingAgent
simulation-estimated,sarab,6,4,classroom_2,normal,0,0,26.45,0.18,0,24.0,24.0,0.4121,0.0,0.0,0.4121,ACAgent,LightingAgent
simulation-estimated,sarab,6,4,office_1,normal,0,0,26.45,0.18,0,24.0,24.0,0.3296,0.0,0.0,0.3296,ACAgent,LightingAgent
simulation-estimated,sarab,6,4,corridor_1,normal,0,0,26.45,0.18,0,24.0,24.0,0.3924,0.0,0.0,0.3924,ACAgent,LightingAgent
simulation-estimated,sarab,6,4,or_1,critical,0,0,26.45,0.18,0,20.0,20.0,1.0324,0.0,0.0,1.0324,ACAgent,LightingAgent
simulation-estimated,sarab,6,5,classroom_1,normal,0,0,27.7,0.18,0,24.0,24.0,0.6212,0.0,0.0,0.6212,ACAgent,LightingAgent
simulation-estimated,sarab,6,5,classroom_2,normal,0,0,27.7,0.18,0,24.0,24.0,0.6212,0.0,0.0,0.6212,ACAgent,LightingAgent
simulation-estimated,sarab,6,5,office_1,normal,0,0,27.7,0.18,0,24.0,24.0,0.497,0.0,0.0,0.497,ACAgent,LightingAgent
simulation-estimated,sarab,6,5,corridor_1,normal,0,0,27.7,0.18,0,24.0,24.0,0.5916,0.0,0.0,0.5916,ACAgent,LightingAgent
simulation-estimated,sarab,6,5,or_1,critical,0,0,27.7,0.18,0,20.0,20.0,1.2316,0.0,0.0,1.2316,ACAgent,LightingAgent
simulation-estimated,sarab,6,6,classroom_1,normal,0,1,28.31,0.18,0,24.0,24.0,0.7233,0.0,0.0,0.7233,ACAgent,LightingAgent
simulation-estimated,sarab,6,6,classroom_2,normal,0,1,28.31,0.18,0,24.0,24.0,0.7233,0.0,0.0,0.7233,ACAgent,LightingAgent
simulation-estimated,sarab,6,6,office_1,normal,0,1,28.31,0.18,0,24.0,24.0,0.5786,0.0,0.0,0.5786,ACAgent,LightingAgent
simulation-estimated,sarab,6,6,corridor_1,normal,0,0,28.31,0.18,0,24.0,24.0,0.6889,0.0,0.0,0.6889,ACAgent,LightingAgent
simulation-estimated,sarab,6,6,or_1,critical,0,0,28.31,0.18,0,20.0,20.0,1.3289,0.0,0.0,1.3289,ACAgent,LightingAgent
simulation-estimated,sarab,6,7,classroom_1,normal,0,1,30.51,0.18,0,24.0,24.0,1.094,0.0,0.0,1.094,ACAgent,LightingAgent
simulation-estimated,sarab,6,7,classroom_2,normal,0,1,30.51,0.18,0,24.0,24.0,1.094,0.0,0.0,1.094,ACAgent,LightingAgent
simulation-estimated,sarab,6,7,office_1,normal,0,1,30.51,0.18,0,24.0,24.0,0.8752,0.0,0.0,0.8752,ACAgent,LightingAgent
simulation-estimated,sarab,6,7,corridor_1,normal,0,0,30.51,0.18,0,24.0,24.0,1.042,0.0,0.0,1.042,ACAgent,LightingAgent
simulation-estimated,sarab,6,7,or_1,critical,0,0,30.51,0.18,0,20.0,20.0,1.682,0.0,0.0,1.682,ACAgent,LightingAgent
simulation-estimated,sarab,6,8,classroom_1,normal,0,1,32.6,0.18,0,24.0,24.0,1.4455,0.0,0.0,1.4455,ACAgent,LightingAgent
simulation-estimated,sarab,6,8,classroom_2,normal,0,1,32.6,0.18,0,24.0,24.0,1.4455,0.0,0.0,1.4455,ACAgent,LightingAgent
simulation-estimated,sarab,6,8,office_1,normal,0,1,32.6,0.18,0,24.0,24.0,1.1564,0.0,0.0,1.1564,ACAgent,LightingAgent
simulation-estimated,sarab,6,8,corridor_1,normal,0,0,32.6,0.18,0,24.0,24.0,1.3766,0.0,0.0,1.3766,ACAgent,LightingAgent
simulation-estimated,sarab,6,8,or_1,critical,0,0,32.6,0.18,0,20.0,20.0,2.0166,0.0,0.0,2.0166,ACAgent,LightingAgent
simulation-estimated,sarab,6,9,classroom_1,normal,0,1,34.63,0.18,0,24.0,24.0,1.7857,0.0,0.0,1.7857,ACAgent,LightingAgent
simulation-estimated,sarab,6,9,classroom_2,normal,0,1,34.63,0.18,0,24.0,24.0,1.7857,0.0,0.0,1.7857,ACAgent,LightingAgent
simulation-estimated,sarab,6,9,office_1,normal,0,1,34.63,0.18,0,24.0,24.0,1.4286,0.0,0.0,1.4286,ACAgent,LightingAgent
simulation-estimated,sarab,6,9,corridor_1,normal,0,0,34.63,0.18,0,24.0,24.0,1.7007,0.0,0.0,1.7007,ACAgent,LightingAgent
simulation-estimated,sarab,6,9,or_1,critical,0,0,34.63,0.18,0,20.0,20.0,2.3407,0.0,0.0,2.3407,ACAgent,LightingAgent
simulation-estimated,sarab,6,10,classroom_1,normal,0,1,36.62,0.18,0,24.0,24.0,2.1197,0.0,0.0,2.1197,ACAgent,LightingAgent
simulation-estimated,sarab,6,10,classroom_2,normal,0,1,36.62,0.18,0,24.0,24.0,2.1197,0.0,0.0,2.1197,ACAgent,LightingAgent
simulation-estimated,sarab,6,10,office_1,normal,0,1,36.62,0.18,0,24.0,24.0,1.6957,0.0,0.0,1.6957,ACAgent,LightingAgent
simulation-estimated,sarab,6,10,corridor_1,normal,0,0,36.62,0.18,0,24.0,24.0,2.0187,0.0,0.0,2.0187,ACAgent,LightingAgent
simulation-estimated,sarab,6,10,or_1,critical,0,0,36.62,0.18,0,20.0,20.0,2.6587,0.0,0.0,2.6587,ACAgent,LightingAgent
simulation-estimated,sarab,6,11,classroom_1,normal,0,1,39.19,0.18,0,24.0,24.0,2.5521,0.0,0.0,2.5521,ACAgent,LightingAgent
simulation-estimated,sarab,6,11,classroom_2,normal,0,1,39.19,0.18,0,24.0,24.0,2.5521,0.0,0.0,2.5521,ACAgent,LightingAgent
simulation-estimated,sarab,6,11,office_1,normal,0,1,39.19,0.18,0,24.0,24.0,2.0417,0.0,0.0,2.0417,ACAgent,LightingAgent
simulation-estimated,sarab,6,11,corridor_1,normal,0,0,39.19,0.18,0,24.0,24.0,2.4305,0.0,0.0,2.4305,ACAgent,LightingAgent
simulation-estimated,sarab,6,11,or_1,critical,0,0,39.19,0.18,0,20.0,20.0,3.0705,0.0,0.0,3.0705,ACAgent,LightingAgent
simulation-estimated,sarab,6,12,classroom_1,normal,0,1,40.56,0.32,1,25.5,25.5,1.1017,0.0,0.0,1.1017,CostAgent,LightingAgent
simulation-estimated,sarab,6,12,classroom_2,normal,0,1,40.56,0.32,1,25.5,25.5,1.1017,0.0,0.0,1.1017,CostAgent,LightingAgent
simulation-estimated,sarab,6,12,office_1,normal,0,1,40.56,0.32,1,25.5,25.5,1.3854,0.0,0.0,1.3854,CostAgent,LightingAgent
simulation-estimated,sarab,6,12,corridor_1,normal,0,0,40.56,0.32,1,25.5,25.5,1.4493,0.0,0.0,1.4493,CostAgent,LightingAgent
simulation-estimated,sarab,6,12,or_1,critical,0,0,40.56,0.32,1,20.0,20.0,3.2893,0.0,0.0,3.2893,ACAgent,LightingAgent
simulation-estimated,sarab,6,13,classroom_1,normal,0,1,42.22,0.32,1,24.0,24.0,4.4885,0.0,0.0,4.4885,ComfortAgent,LightingAgent
simulation-estimated,sarab,6,13,classroom_2,normal,0,1,42.22,0.32,1,24.0,24.0,4.4885,0.0,0.0,4.4885,ComfortAgent,LightingAgent
simulation-estimated,sarab,6,13,office_1,normal,0,1,42.22,0.32,1,24.0,24.0,3.0868,0.0,0.0,3.0868,ComfortAgent,LightingAgent
simulation-estimated,sarab,6,13,corridor_1,normal,0,0,42.22,0.32,1,24.0,24.0,3.8747,0.0,0.0,3.8747,ComfortAgent,LightingAgent
simulation-estimated,sarab,6,13,or_1,critical,0,0,42.22,0.32,1,20.0,20.0,3.5547,0.0,0.0,3.5547,ACAgent,LightingAgent
simulation-estimated,sarab,6,14,classroom_1,normal,0,1,42.5,0.32,1,25.5,25.5,1.4277,0.0,0.0,1.4277,CostAgent,LightingAgent
simulation-estimated,sarab,6,14,classroom_2,normal,0,1,42.5,0.32,1,25.5,25.5,1.4277,0.0,0.0,1.4277,CostAgent,LightingAgent
simulation-estimated,sarab,6,14,office_1,normal,0,1,42.5,0.32,1,25.5,25.5,1.6461,0.0,0.0,1.6461,CostAgent,LightingAgent
simulation-estimated,sarab,6,14,corridor_1,normal,0,0,42.5,0.32,1,25.5,25.5,1.7597,0.0,0.0,1.7597,CostAgent,LightingAgent
simulation-estimated,sarab,6,14,or_1,critical,0,0,42.5,0.32,1,20.0,20.0,3.5997,0.0,0.0,3.5997,ACAgent,LightingAgent
simulation-estimated,sarab,6,15,classroom_1,normal,0,1,43.43,0.32,1,24.0,24.0,4.693,0.0,0.0,4.693,ComfortAgent,LightingAgent
simulation-estimated,sarab,6,15,classroom_2,normal,0,1,43.43,0.32,1,24.0,24.0,4.693,0.0,0.0,4.693,ComfortAgent,LightingAgent
simulation-estimated,sarab,6,15,office_1,normal,0,1,43.43,0.32,1,24.0,24.0,3.2504,0.0,0.0,3.2504,ComfortAgent,LightingAgent
simulation-estimated,sarab,6,15,corridor_1,normal,1,0,43.43,0.32,1,25.5,25.5,3.2695,1.0,0.6,3.8695,CostAgent,LightingAgent
simulation-estimated,sarab,6,15,or_1,critical,0,0,43.43,0.32,1,20.0,20.0,3.7495,0.0,0.0,3.7495,ACAgent,LightingAgent
simulation-estimated,sarab,6,16,classroom_1,normal,0,1,42.94,0.32,1,25.5,25.5,1.5013,0.0,0.0,1.5013,CostAgent,LightingAgent
simulation-estimated,sarab,6,16,classroom_2,normal,0,1,42.94,0.32,1,25.5,25.5,1.5013,0.0,0.0,1.5013,CostAgent,LightingAgent
simulation-estimated,sarab,6,16,office_1,normal,0,1,42.94,0.32,1,25.5,25.5,1.705,0.0,0.0,1.705,CostAgent,LightingAgent
simulation-estimated,sarab,6,16,corridor_1,normal,0,0,42.94,0.32,1,24.0,24.0,3.9898,0.0,0.0,3.9898,ComfortAgent,LightingAgent
simulation-estimated,sarab,6,16,or_1,critical,0,0,42.94,0.32,1,20.0,20.0,3.6698,0.0,0.0,3.6698,ACAgent,LightingAgent
simulation-estimated,sarab,6,17,classroom_1,normal,0,1,41.88,0.18,0,24.0,24.0,4.4318,0.0,0.0,4.4318,ComfortAgent,LightingAgent
simulation-estimated,sarab,6,17,classroom_2,normal,0,1,41.88,0.18,0,24.0,24.0,4.4318,0.0,0.0,4.4318,ComfortAgent,LightingAgent
simulation-estimated,sarab,6,17,office_1,normal,0,1,41.88,0.18,0,24.0,24.0,3.0414,0.0,0.0,3.0414,ComfortAgent,LightingAgent
simulation-estimated,sarab,6,17,corridor_1,normal,0,0,41.88,0.18,0,24.0,24.0,2.8607,0.0,0.0,2.8607,ACAgent,LightingAgent
simulation-estimated,sarab,6,17,or_1,critical,0,0,41.88,0.18,0,20.0,20.0,3.5007,0.0,0.0,3.5007,ACAgent,LightingAgent
simulation-estimated,sarab,6,18,classroom_1,normal,0,0,40.36,0.18,0,24.0,24.0,2.7493,0.0,0.0,2.7493,ACAgent,LightingAgent
simulation-estimated,sarab,6,18,classroom_2,normal,0,0,40.36,0.18,0,24.0,24.0,2.7493,0.0,0.0,2.7493,ACAgent,LightingAgent
simulation-estimated,sarab,6,18,office_1,normal,0,0,40.36,0.18,0,24.0,24.0,2.1994,0.0,0.0,2.1994,ACAgent,LightingAgent
simulation-estimated,sarab,6,18,corridor_1,normal,0,0,40.36,0.18,0,24.0,24.0,2.6184,0.0,0.0,2.6184,ACAgent,LightingAgent
simulation-estimated,sarab,6,18,or_1,critical,0,0,40.36,0.18,0,20.0,20.0,3.2584,0.0,0.0,3.2584,ACAgent,LightingAgent
simulation-estimated,sarab,6,19,classroom_1,normal,0,0,39.28,0.18,0,24.0,24.0,2.5676,0.0,0.0,2.5676,ACAgent,LightingAgent
simulation-estimated,sarab,6,19,classroom_2,normal,0,0,39.28,0.18,0,24.0,24.0,2.5676,0.0,0.0,2.5676,ACAgent,LightingAgent
simulation-estimated,sarab,6,19,office_1,normal,0,0,39.28,0.18,0,24.0,24.0,2.0541,0.0,0.0,2.0541,ACAgent,LightingAgent
simulation-estimated,sarab,6,19,corridor_1,normal,0,0,39.28,0.18,0,24.0,24.0,2.4453,0.0,0.0,2.4453,ACAgent,LightingAgent
simulation-estimated,sarab,6,19,or_1,critical,1,0,39.28,0.18,0,20.0,20.0,3.4853,1.0,0.3,3.7853,CostAgent,LightingAgent
simulation-estimated,sarab,6,20,classroom_1,normal,0,0,36.87,0.18,0,24.0,24.0,2.1618,0.0,0.0,2.1618,ACAgent,LightingAgent
simulation-estimated,sarab,6,20,classroom_2,normal,0,0,36.87,0.18,0,24.0,24.0,2.1618,0.0,0.0,2.1618,ACAgent,LightingAgent
simulation-estimated,sarab,6,20,office_1,normal,0,0,36.87,0.18,0,24.0,24.0,1.7295,0.0,0.0,1.7295,ACAgent,LightingAgent
simulation-estimated,sarab,6,20,corridor_1,normal,0,0,36.87,0.18,0,24.0,24.0,2.0589,0.0,0.0,2.0589,ACAgent,LightingAgent
simulation-estimated,sarab,6,20,or_1,critical,0,0,36.87,0.18,0,20.0,20.0,2.6989,0.0,0.0,2.6989,ACAgent,LightingAgent
simulation-estimated,sarab,6,21,classroom_1,normal,0,0,35.04,0.18,0,24.0,24.0,1.8542,0.0,0.0,1.8542,ACAgent,LightingAgent
simulation-estimated,sarab,6,21,classroom_2,normal,0,0,35.04,0.18,0,24.0,24.0,1.8542,0.0,0.0,1.8542,ACAgent,LightingAgent
simulation-estimated,sarab,6,21,office_1,normal,0,0,35.04,0.18,0,24.0,24.0,1.4834,0.0,0.0,1.4834,ACAgent,LightingAgent
simulation-estimated,sarab,6,21,corridor_1,normal,0,0,35.04,0.18,0,24.0,24.0,1.7659,0.0,0.0,1.7659,ACAgent,LightingAgent
simulation-estimated,sarab,6,21,or_1,critical,0,0,35.04,0.18,0,20.0,20.0,2.4059,0.0,0.0,2.4059,ACAgent,LightingAgent
simulation-estimated,sarab,6,22,classroom_1,normal,0,0,32.36,0.18,0,24.0,24.0,1.4051,0.0,0.0,1.4051,ACAgent,LightingAgent
simulation-estimated,sarab,6,22,classroom_2,normal,0,0,32.36,0.18,0,24.0,24.0,1.4051,0.0,0.0,1.4051,ACAgent,LightingAgent
simulation-estimated,sarab,6,22,office_1,normal,0,0,32.36,0.18,0,24.0,24.0,1.1241,0.0,0.0,1.1241,ACAgent,LightingAgent
simulation-estimated,sarab,6,22,corridor_1,normal,0,0,32.36,0.18,0,24.0,24.0,1.3382,0.0,0.0,1.3382,ACAgent,LightingAgent
simulation-estimated,sarab,6,22,or_1,critical,0,0,32.36,0.18,0,20.0,20.0,1.9782,0.0,0.0,1.9782,ACAgent,LightingAgent
simulation-estimated,sarab,6,23,classroom_1,normal,0,0,30.56,0.18,0,24.0,24.0,1.1015,0.0,0.0,1.1015,ACAgent,LightingAgent
simulation-estimated,sarab,6,23,classroom_2,normal,0,0,30.56,0.18,0,24.0,24.0,1.1015,0.0,0.0,1.1015,ACAgent,LightingAgent
simulation-estimated,sarab,6,23,office_1,normal,1,0,30.56,0.18,0,24.0,24.0,1.2172,1.0,0.42,1.6372,ComfortAgent,LightingAgent
simulation-estimated,sarab,6,23,corridor_1,normal,0,0,30.56,0.18,0,24.0,24.0,1.0491,0.0,0.0,1.0491,ACAgent,LightingAgent
simulation-estimated,sarab,6,23,or_1,critical,0,0,30.56,0.18,0,20.0,20.0,1.6891,0.0,0.0,1.6891,ACAgent,LightingAgent
